ISIN_BC;Biodiversity;EET Data Set Information;Energy efficiency;Environmental;Fossil fuels;Greenhouse gas emissions;Main criterias used for a first screening of ESG related products;MiFID Sustainability Preference Flag;MiFID/IDD Target Market - Manufacturer angle (from a client perspective);Scoping according to SFDR annex template;Social;Social and employee matters;Waste;Water
AT0000774484_15;1.0;1.0;0.0;1.0;0.0;1.0;1.0;0.5;1.0;0.3333333333333333;1.0;1.0;1.0;1.0
AT0000784756_3313;0.0;0.4;0.0;0.0;0.0;0.0;0.0;0.0;0.0;0.0;0.0;0.0;0.0;0.0
AT0000785340_17;1.0;1.0;0.0;1.0;0.0;1.0;1.0;0.5;1.0;0.5;1.0;1.0;1.0;1.0
AT0000799804_3231;0.0;0.4;0.0;0.0;0.0;0.0;0.0;0.0;0.0;0.0;0.0;0.0;0.0;0.0
AT0000799820_3313;1.0;0.4;0.0;0.0;0.0;1.0;1.0;0.5;1.0;0.5;0.0;1.0;1.0;1.0
AT0000799846_18;0.0;0.4;0.0;0.0;0.0;0.0;0.0;0.0;0.0;0.0;0.0;0.0;0.0;0.0
AT0000799861_18;1.0;0.4;0.0;0.0;0.0;1.0;1.0;0.5;1.0;0.5;1.0;1.0;1.0;1.0
AT0000801071_3230;1.0;1.0;0.0;1.0;0.0;1.0;1.0;0.5;1.0;0.3333333333333333;0.0;1.0;1.0;1.0
AT0000801097_3230;1.0;1.0;0.0;1.0;0.0;1.0;1.0;0.0;1.0;0.3333333333333333;0.0;1.0;1.0;1.0
AT0000802491_3230;1.0;1.0;0.0;1.0;0.0;1.0;1.0;0.75;1.0;0.6666666666666666;1.0;1.0;1.0;1.0
AT0000803689_13;1.0;0.8;0.0;1.0;0.0;1.0;1.0;0.25;1.0;0.5;1.0;1.0;1.0;1.0
AT0000803697_3233;1.0;0.8;0.0;1.0;0.0;1.0;1.0;0.25;1.0;0.5;1.0;1.0;1.0;1.0
AT0000805221_2779;1.0;1.0;0.0;1.0;0.0;1.0;1.0;0.5;1.0;0.5;1.0;1.0;1.0;1.0
AT0000805486_2779;1.0;1.0;0.0;1.0;0.0;1.0;1.0;0.5;1.0;0.5;1.0;1.0;1.0;1.0
AT0000810056_3230;1.0;1.0;0.0;1.0;0.0;1.0;1.0;0.0;1.0;0.3333333333333333;0.0;1.0;1.0;1.0
AT0000811286_3231;1.0;1.0;0.0;1.0;0.0;1.0;1.0;0.5;1.0;0.3333333333333333;1.0;1.0;1.0;1.0
AT0000811336_3313;1.0;1.0;0.0;1.0;0.0;1.0;1.0;0.0;1.0;0.3333333333333333;0.0;1.0;1.0;1.0
AT0000811344_3313;1.0;1.0;0.0;1.0;0.0;1.0;1.0;0.0;1.0;0.3333333333333333;0.0;1.0;1.0;1.0
AT0000811351_3313;1.0;1.0;0.0;1.0;0.0;1.0;1.0;0.0;1.0;0.3333333333333333;0.0;1.0;1.0;1.0
AT0000811369_3230;1.0;1.0;0.0;1.0;0.0;1.0;1.0;0.0;1.0;0.3333333333333333;0.0;1.0;1.0;1.0
AT0000811666_3230;1.0;1.0;0.0;0.0;0.0;1.0;1.0;0.25;1.0;0.0;0.0;1.0;1.0;1.0
AT0000811674_3230;1.0;1.0;0.0;0.0;0.0;1.0;1.0;0.25;1.0;0.0;0.0;1.0;1.0;1.0
AT0000812698_3230;1.0;1.0;0.0;1.0;0.0;1.0;1.0;0.5;1.0;0.3333333333333333;1.0;1.0;1.0;1.0
AT0000813068_3230;1.0;1.0;0.0;1.0;0.0;1.0;1.0;0.5;1.0;0.3333333333333333;1.0;1.0;1.0;1.0
AT0000815006_18;1.0;0.4;0.0;1.0;0.0;1.0;1.0;0.5;1.0;0.5;1.0;1.0;1.0;1.0
AT0000817788_3230;1.0;0.4;0.0;0.0;0.0;1.0;1.0;0.5;1.0;0.5;0.0;1.0;1.0;1.0
AT0000818885_3313;1.0;1.0;0.0;1.0;0.0;1.0;1.0;0.5;1.0;0.3333333333333333;0.0;1.0;1.0;1.0
AT0000820139_3313;1.0;1.0;0.0;0.0;0.0;1.0;1.0;0.5;1.0;0.5;0.0;1.0;1.0;1.0
AT0000822382_3230;1.0;1.0;0.0;1.0;0.0;1.0;1.0;0.5;1.0;0.3333333333333333;0.0;1.0;1.0;1.0
AT0000822408_17;1.0;1.0;0.0;1.0;0.0;1.0;1.0;0.0;1.0;0.3333333333333333;0.0;1.0;1.0;1.0
AT0000825468_3230;0.0;0.4;0.0;0.0;0.0;0.0;0.0;0.0;0.0;0.0;0.0;0.0;0.0;0.0
AT0000825476_3230;0.0;0.4;0.0;0.0;0.0;0.0;0.0;0.0;0.0;0.0;0.0;0.0;0.0;0.0
AT0000825484_3231;1.0;0.4;0.0;0.0;0.0;1.0;1.0;0.5;1.0;0.5;0.0;1.0;1.0;1.0
AT0000825500_3230;0.0;0.4;0.0;0.0;0.0;0.0;0.0;0.0;0.0;0.0;0.0;0.0;0.0;0.0
AT0000828553_3313;0.0;0.4;0.0;0.0;0.0;0.0;0.0;0.0;0.0;0.0;0.0;0.0;0.0;0.0
AT0000856505_3230;1.0;1.0;0.0;1.0;0.0;1.0;1.0;0.0;1.0;0.3333333333333333;1.0;1.0;1.0;1.0
AT0000857008_3230;1.0;1.0;0.0;1.0;0.0;1.0;1.0;0.25;1.0;0.3333333333333333;1.0;1.0;1.0;1.0
AT0000857024_3230;1.0;1.0;0.0;1.0;0.0;1.0;1.0;0.5;1.0;0.3333333333333333;1.0;1.0;1.0;1.0
AT0000857081_3231;1.0;1.0;0.0;1.0;0.0;1.0;1.0;0.5;1.0;0.3333333333333333;1.0;1.0;1.0;1.0
AT0000857164_18;1.0;1.0;0.0;1.0;0.0;1.0;1.0;0.5;1.0;0.3333333333333333;1.0;1.0;1.0;1.0
AT0000859236_3230;1.0;1.0;0.0;0.0;0.0;1.0;1.0;0.25;1.0;0.0;0.0;1.0;1.0;1.0
AT0000859509_2913;1.0;1.0;0.0;1.0;0.0;1.0;1.0;0.5;1.0;0.5;1.0;1.0;1.0;1.0
AT0000859582_14;1.0;1.0;0.0;1.0;0.0;1.0;1.0;0.5;1.0;0.5;1.0;1.0;1.0;1.0
AT0000859624_3230;1.0;1.0;0.0;0.0;0.0;1.0;0.0;0.25;0.0;0.0;0.0;1.0;1.0;1.0
AT0000946488_3230;1.0;1.0;0.0;0.0;0.0;1.0;1.0;0.25;1.0;0.0;0.0;1.0;1.0;1.0
AT0000947643_3230;1.0;1.0;0.0;0.0;0.0;1.0;1.0;0.5;1.0;0.3333333333333333;0.0;1.0;1.0;1.0
AT0000948583_3230;1.0;1.0;0.0;0.0;0.0;1.0;1.0;0.25;1.0;0.0;0.0;1.0;1.0;1.0
AT0000969787_18;0.0;0.4;0.0;0.0;0.0;0.0;0.0;0.0;0.0;0.0;0.0;0.0;0.0;0.0
AT0000973029_14;1.0;0.8;0.0;1.0;0.0;1.0;1.0;0.25;1.0;0.5;1.0;1.0;1.0;1.0
AT0000973037_3233;1.0;0.8;0.0;1.0;0.0;1.0;1.0;0.25;1.0;0.5;1.0;1.0;1.0;1.0
BE0057843311_3313;1.0;0.6;0.0;0.0;0.0;0.8095238095238095;1.0;0.5;1.0;0.5;1.0;1.0;0.0;0.0
BE0142525329_3230;1.0;0.6;0.0;1.0;0.0;0.9047619047619048;1.0;0.5;1.0;0.5;1.0;0.8;1.0;1.0
BE0163900674_2731;1.0;0.6;0.0;0.0;0.0;0.8095238095238095;1.0;0.5;1.0;0.5;0.0;1.0;0.0;0.0
BE0163901680_3231;1.0;0.6;0.0;0.0;0.0;0.8095238095238095;1.0;0.5;1.0;0.5;0.0;1.0;0.0;0.0
BE0170209713_487;1.0;0.6;0.0;0.0;0.0;0.8095238095238095;1.0;0.5;1.0;0.5;0.0;1.0;0.0;0.0
BE0170210729_2732;1.0;0.6;0.0;0.0;0.0;0.8095238095238095;1.0;0.5;1.0;0.5;0.0;1.0;0.0;0.0
BE0174873795_487;1.0;0.6;0.0;0.0;0.0;0.8095238095238095;1.0;0.5;1.0;0.5;1.0;1.0;0.0;0.0
BE0176734979_3231;1.0;0.6;0.0;0.0;0.0;0.8095238095238095;1.0;0.5;1.0;0.5;0.0;1.0;0.0;0.0
BE0176735018_491;1.0;0.6;0.0;0.0;0.0;0.8095238095238095;1.0;0.5;1.0;0.5;0.0;1.0;0.0;0.0
BE0940607956_487;0.0;0.6;0.0;0.0;0.0;0.0;0.0;0.5;0.0;0.0;0.0;0.0;0.0;0.0
BE0940608962_3230;0.0;0.6;0.0;0.0;0.0;0.0;0.0;0.0;0.0;0.0;0.0;0.0;0.0;0.0
BE0942872327_3313;0.0;0.6;0.0;0.0;0.0;0.0;0.0;0.0;0.0;0.0;0.0;0.0;0.0;0.0
BE0945529700_3313;1.0;0.6;0.0;0.0;0.0;0.8095238095238095;1.0;0.5;1.0;0.5;0.0;1.0;0.0;0.0
BE0945530716_2732;1.0;0.6;0.0;0.0;0.0;0.8095238095238095;1.0;0.5;1.0;0.5;0.0;1.0;0.0;0.0
BE0948877239_2732;1.0;0.6;0.0;0.0;0.0;0.8095238095238095;1.0;0.5;1.0;0.5;0.0;1.0;1.0;1.0
BE0948878245_3313;1.0;0.6;0.0;0.0;0.0;0.8095238095238095;1.0;0.5;1.0;0.5;0.0;1.0;1.0;1.0
BE6214508093_3313;0.0;0.6;0.0;0.0;0.0;0.0;0.0;0.5;0.0;0.0;0.0;0.0;0.0;0.0
BE6214509109_487;1.0;0.6;0.0;0.0;0.0;0.8095238095238095;1.0;0.5;1.0;0.5;0.0;1.0;0.0;0.0
BE6214512137_3231;1.0;0.6;0.0;0.0;0.0;0.8095238095238095;1.0;0.5;1.0;0.5;0.0;1.0;0.0;0.0
BE6214513143_3313;1.0;0.6;0.0;0.0;0.0;0.8095238095238095;1.0;0.5;1.0;0.5;0.0;1.0;0.0;0.0
BE6214514158_491;1.0;0.6;0.0;0.0;0.0;0.8095238095238095;1.0;0.5;1.0;0.5;0.0;1.0;0.0;0.0
BE6253612228_3313;1.0;0.6;0.0;0.0;0.0;0.8095238095238095;1.0;0.5;1.0;0.5;0.0;1.0;0.0;0.0
BE6253613234_3230;1.0;0.6;0.0;0.0;0.0;0.8095238095238095;1.0;0.5;1.0;0.5;0.0;1.0;1.0;1.0
BE6253617276_2021;1.0;0.6;0.0;0.0;0.0;0.8095238095238095;1.0;0.5;1.0;0.5;0.0;1.0;0.0;0.0
BE6269801120_2732;1.0;0.6;0.0;1.0;0.0;0.9047619047619048;1.0;0.5;1.0;0.5;1.0;0.8;1.0;1.0
BE6275981817_9760;0.0;0.6;0.0;0.0;0.0;0.0;0.0;0.0;1.0;0.0;0.0;0.0;0.0;0.0
BE6275985859_9760;0.0;0.6;0.0;0.0;0.0;0.0;0.0;0.0;1.0;0.0;0.0;0.0;0.0;0.0
BE6275990909_3313;0.0;0.6;0.0;0.0;0.0;0.0;0.0;0.0;1.0;0.0;0.0;0.0;0.0;0.0
BE6275992921_3313;0.0;0.6;0.0;0.0;0.0;0.0;0.0;0.0;1.0;0.0;0.0;0.0;0.0;0.0
BE6275994943_9760;0.0;0.6;0.0;0.0;0.0;0.0;0.0;0.0;1.0;0.0;0.0;0.0;0.0;0.0
BE6275995957_9760;0.0;0.6;0.0;0.0;0.0;0.0;0.0;0.0;1.0;0.0;0.0;0.0;0.0;0.0
BE6277606578_3313;1.0;0.6;0.0;0.0;0.0;0.8095238095238095;1.0;0.5;1.0;0.5;1.0;1.0;0.0;0.0
BE6286677107_3230;1.0;0.6;0.0;0.0;0.0;0.8095238095238095;1.0;0.5;1.0;0.5;1.0;1.0;0.0;0.0
BE6286680135_487;1.0;0.6;0.0;0.0;0.0;0.8095238095238095;1.0;0.5;1.0;0.5;1.0;1.0;0.0;0.0
BE6286681141_3313;1.0;0.6;0.0;0.0;0.0;0.8095238095238095;1.0;0.5;1.0;0.5;1.0;1.0;0.0;0.0
BE6286682156_3313;1.0;0.6;0.0;0.0;0.0;0.8095238095238095;1.0;0.5;1.0;0.5;1.0;1.0;0.0;0.0
BE6286720535_3313;1.0;0.6;0.0;0.0;0.0;0.8095238095238095;1.0;0.5;1.0;0.5;0.0;1.0;0.0;0.0
CH0281016474_393;0.0;0.0;0.0;0.0;0.0;0.0;1.0;0.25;1.0;0.0;0.0;0.2;0.0;0.0
CH0281016656_393;0.0;0.0;0.0;0.0;0.0;0.0;1.0;0.25;1.0;0.0;0.0;0.2;0.0;0.0
CH0281017506_393;0.0;0.0;0.0;0.0;0.0;0.0;1.0;0.25;1.0;0.0;0.0;0.2;0.0;0.0
CH0281018538_393;0.0;0.0;0.0;0.0;0.0;0.0;1.0;0.25;1.0;0.0;0.0;0.2;0.0;0.0
CH0294813131_393;0.0;0.0;0.0;0.0;0.0;0.0;1.0;0.25;1.0;0.0;0.0;0.2;0.0;0.0
CH0294813149_393;0.0;0.0;0.0;0.0;0.0;0.0;1.0;0.25;1.0;0.0;0.0;0.2;0.0;0.0
CH0297178714_205;0.0;0.4;0.0;0.0;0.0;0.0;0.0;0.0;0.0;0.0;0.0;0.0;0.0;0.0
CH0297178755_205;0.0;0.4;0.0;0.0;0.0;0.0;0.0;0.0;0.0;0.0;0.0;0.0;0.0;0.0
CH0297178771_205;0.0;0.4;0.0;0.0;0.0;0.0;0.0;0.0;0.0;0.0;0.0;0.0;0.0;0.0
CH0311188863_393;0.0;0.0;0.0;0.0;0.0;0.0;1.0;0.0;0.0;0.0;0.0;0.2;0.0;0.0
CH0311189556_393;0.0;0.0;0.0;0.0;0.0;0.0;1.0;0.0;0.0;0.0;0.0;0.2;0.0;0.0
CH0311189580_393;0.0;0.0;0.0;0.0;0.0;0.0;1.0;0.0;0.0;0.0;0.0;0.2;0.0;0.0
CH0381682621_393;0.0;0.0;0.0;0.0;0.0;0.0;1.0;0.0;0.0;0.0;0.0;0.2;0.0;0.0
CH0481373295_3233;0.0;0.4;0.0;0.0;0.0;0.0;0.0;0.0;0.0;0.0;0.0;0.0;0.0;0.0
CH0481373311_3313;0.0;0.4;0.0;0.0;0.0;0.0;0.0;0.0;0.0;0.0;0.0;0.0;0.0;0.0
CH0487357052_512;0.0;0.0;0.0;0.0;0.0;0.09523809523809523;1.0;0.0;1.0;0.0;0.0;0.4;0.0;0.0
CH0487357136_393;0.0;0.0;0.0;0.0;0.0;0.09523809523809523;1.0;0.0;1.0;0.0;0.0;0.4;0.0;0.0
CH0487357144_393;0.0;0.0;0.0;0.0;0.0;0.09523809523809523;1.0;0.0;1.0;0.0;0.0;0.4;0.0;0.0
CH0530164190_511;0.0;0.0;0.0;0.0;0.0;0.09523809523809523;1.0;0.0;1.0;0.0;0.0;0.4;0.0;0.0
CH0531747381_393;0.0;0.0;0.0;0.0;0.0;0.09523809523809523;1.0;0.0;1.0;0.0;0.0;0.4;0.0;0.0
CH0531753587_393;0.0;0.0;0.0;0.0;0.0;0.09523809523809523;1.0;0.0;1.0;0.0;0.0;0.4;0.0;0.0
CH0578494418_393;0.0;0.0;0.0;0.0;0.0;0.0;1.0;0.25;1.0;0.0;0.0;0.2;0.0;0.0
CH0578494426_393;0.0;0.0;0.0;0.0;0.0;0.0;1.0;0.25;1.0;0.0;0.0;0.2;0.0;0.0
CH0584288531_393;0.0;0.0;0.0;0.0;0.0;0.0;1.0;0.25;1.0;0.0;0.0;0.2;0.0;0.0
CH0584288564_393;0.0;0.0;0.0;0.0;0.0;0.0;1.0;0.25;1.0;0.0;0.0;0.2;0.0;0.0
CH0584288580_393;0.0;0.0;0.0;0.0;0.0;0.0;1.0;0.25;1.0;0.0;0.0;0.2;0.0;0.0
CH1189223345_205;0.0;0.4;0.0;0.0;0.0;0.0;0.0;0.0;0.0;0.0;0.0;0.0;0.0;0.0
CH1240611561_512;0.0;0.0;0.0;0.0;0.0;0.09523809523809523;1.0;0.0;1.0;0.0;0.0;0.4;0.0;0.0
CH1240611579_393;0.0;0.0;0.0;0.0;0.0;0.09523809523809523;1.0;0.0;1.0;0.0;0.0;0.4;0.0;0.0
DE0002605037_475;0.0;0.6;0.0;0.0;0.0;0.23809523809523808;1.0;0.25;1.0;0.0;0.0;0.8;0.0;0.0
DE0008471301_2913;0.0;0.8;0.0;0.0;0.0;0.47619047619047616;1.0;0.5;1.0;0.16666666666666666;0.0;0.4;0.0;0.0
DE0008471376_15;1.0;0.4;0.0;1.0;0.0;0.6190476190476191;1.0;0.25;1.0;0.16666666666666666;1.0;0.6;0.0;0.0
DE0008474008_2913;0.0;0.8;0.0;0.0;0.0;0.47619047619047616;1.0;0.5;1.0;0.16666666666666666;0.0;0.4;0.0;0.0
DE0008474024_2913;0.0;0.8;0.0;0.0;0.0;0.47619047619047616;1.0;0.5;1.0;0.16666666666666666;0.0;0.4;0.0;0.0
DE0008474032_2779;0.0;0.8;0.0;0.0;0.0;0.047619047619047616;1.0;0.5;1.0;0.16666666666666666;1.0;0.4;0.0;0.0
DE0008474057_2913;0.0;0.8;0.0;0.0;0.0;0.047619047619047616;1.0;0.5;1.0;0.16666666666666666;0.0;0.4;0.0;0.0
DE0008474065_2779;0.0;0.8;0.0;0.0;0.0;0.047619047619047616;1.0;0.5;1.0;0.16666666666666666;0.0;0.4;0.0;0.0
DE0008474149_2913;0.0;0.8;0.0;0.0;0.0;0.047619047619047616;1.0;0.5;1.0;0.16666666666666666;0.0;0.4;0.0;0.0
DE0008474156_2913;0.0;0.8;0.0;0.0;0.0;0.047619047619047616;1.0;0.5;1.0;0.16666666666666666;0.0;0.4;0.0;0.0
DE0008474198_354;0.0;0.8;0.0;0.0;0.0;0.47619047619047616;1.0;0.5;1.0;0.16666666666666666;0.0;0.4;0.0;0.0
DE0008474214_18;0.0;0.8;0.0;0.0;0.0;0.047619047619047616;1.0;0.5;1.0;0.16666666666666666;0.0;0.4;0.0;0.0
DE0008474230_354;0.0;0.8;0.0;0.0;0.0;0.047619047619047616;1.0;0.5;1.0;0.16666666666666666;0.0;0.4;0.0;0.0
DE0008474248_13;0.0;0.8;0.0;0.0;0.0;0.23809523809523808;1.0;0.25;1.0;0.0;0.0;0.4;0.0;0.0
DE0008474263_2913;0.0;0.8;0.0;0.0;0.0;0.47619047619047616;1.0;0.5;1.0;0.16666666666666666;0.0;0.4;0.0;0.0
DE0008474289_2913;0.0;0.8;0.0;0.0;0.0;0.047619047619047616;1.0;0.5;1.0;0.16666666666666666;0.0;0.4;0.0;0.0
DE0008474297_2779;0.0;0.8;0.0;0.0;0.0;0.047619047619047616;1.0;0.5;1.0;0.16666666666666666;0.0;0.4;0.0;0.0
DE0008476508_13;0.0;0.8;0.0;0.0;0.0;0.047619047619047616;1.0;0.5;1.0;0.16666666666666666;0.0;0.4;0.0;0.0
DE0008476516_2913;0.0;0.8;0.0;0.0;0.0;0.047619047619047616;1.0;0.5;1.0;0.16666666666666666;1.0;0.4;0.0;0.0
DE0008476524_2913;0.0;0.8;0.0;0.0;0.0;0.047619047619047616;1.0;0.5;1.0;0.16666666666666666;0.0;0.4;0.0;0.0
DE0008476532_18;0.0;0.8;0.0;0.0;0.0;0.047619047619047616;1.0;0.5;1.0;0.16666666666666666;0.0;0.4;0.0;0.0
DE0008478058_2913;1.0;0.8;0.0;0.0;0.0;0.7619047619047619;1.0;0.5;1.0;0.3333333333333333;0.0;1.0;0.0;0.0
DE0008478082_18;1.0;0.8;1.0;1.0;1.0;1.0;1.0;0.5;1.0;0.16666666666666666;1.0;1.0;1.0;1.0
DE0008478090_475;1.0;0.8;0.0;0.0;0.0;0.7619047619047619;1.0;0.5;1.0;0.3333333333333333;0.0;1.0;0.0;0.0
DE0008478116_2913;1.0;0.4;0.0;1.0;0.0;1.0;1.0;0.25;1.0;0.0;0.5;1.0;1.0;1.0
DE0008480682_2779;1.0;1.0;0.0;0.0;0.0;0.23809523809523808;1.0;0.25;1.0;0.0;0.0;0.4;0.0;0.0
DE0008483678_2779;0.0;1.0;0.0;0.0;0.0;0.0;0.0;0.0;0.0;0.0;0.0;0.0;0.0;0.0
DE0008484502_18;0.0;1.0;0.0;0.0;0.0;0.0;0.0;0.0;0.0;0.0;0.0;0.0;0.0;0.0
DE0008484957_2779;1.0;1.0;0.0;0.0;0.0;1.0;1.0;0.0;1.0;0.0;0.0;1.0;1.0;1.0
DE0008486655_2913;0.0;0.8;0.0;0.0;0.0;0.0;1.0;0.25;1.0;0.0;0.0;0.0;0.0;0.0
DE0008490822_2913;0.0;0.8;0.0;0.0;0.0;0.47619047619047616;1.0;0.5;1.0;0.16666666666666666;0.0;0.4;0.0;1.0
DE0008490848_2779;0.0;0.8;0.0;0.0;0.0;0.047619047619047616;1.0;0.5;1.0;0.16666666666666666;0.0;0.4;0.0;0.0
DE0008490897_13;0.0;0.8;0.0;0.0;0.0;0.047619047619047616;1.0;0.5;1.0;0.16666666666666666;0.0;0.4;0.0;0.0
DE0008490962_2913;0.0;0.8;0.0;0.0;0.0;0.047619047619047616;1.0;0.5;1.0;0.16666666666666666;0.0;0.4;0.0;0.0
DE0008490988_2913;0.0;0.8;0.0;0.0;0.0;0.047619047619047616;1.0;0.5;1.0;0.16666666666666666;0.0;0.4;0.0;0.0
DE0009752253_2913;1.0;1.0;0.0;1.0;0.0;1.0;1.0;0.5;1.0;0.6666666666666666;1.0;1.0;1.0;1.0
DE0009752303_13;1.0;1.0;0.0;0.0;0.0;1.0;1.0;0.5;1.0;0.3333333333333333;0.0;1.0;1.0;1.0
DE0009766832_14;0.0;1.0;0.0;0.0;0.0;0.0;0.0;0.0;0.0;0.0;0.0;0.0;0.0;0.0
DE0009766881_2779;0.0;1.0;0.0;0.0;0.0;0.0;0.0;0.0;0.0;0.0;0.0;0.0;0.0;0.0
DE0009766964_19;1.0;1.0;0.0;0.0;0.0;0.23809523809523808;1.0;0.25;1.0;0.0;0.0;0.4;0.0;0.0
DE0009769703_2779;0.0;0.8;0.0;0.0;0.0;0.047619047619047616;1.0;0.5;1.0;0.16666666666666666;1.0;0.4;0.0;0.0
DE0009769729_13;0.0;0.8;0.0;0.0;0.0;0.047619047619047616;1.0;0.5;1.0;0.16666666666666666;0.0;0.4;0.0;0.0
DE0009769760_2913;0.0;0.8;0.0;0.0;0.0;0.47619047619047616;1.0;0.5;1.0;0.16666666666666666;0.0;0.4;0.0;0.0
DE0009769794_2779;0.0;0.8;0.0;0.0;0.0;0.47619047619047616;1.0;0.5;1.0;0.16666666666666666;0.0;0.4;0.0;0.0
DE0009770206_13;1.0;0.8;0.0;0.0;0.0;0.7619047619047619;1.0;0.25;1.0;0.0;0.0;1.0;0.0;0.0
DE0009771964_2779;1.0;1.0;0.0;0.0;0.0;0.23809523809523808;1.0;0.25;1.0;0.3333333333333333;0.0;0.4;0.0;0.0
DE0009773010_2913;0.0;0.8;0.0;0.0;0.0;0.47619047619047616;1.0;0.5;1.0;0.16666666666666666;0.0;0.4;0.0;0.0
DE0009777003_2913;0.0;0.8;0.0;0.0;0.0;0.047619047619047616;1.0;0.25;1.0;0.0;0.0;0.4;0.0;0.0
DE0009780221_2913;0.0;1.0;0.0;0.0;0.0;0.0;0.0;0.0;0.0;0.0;0.0;0.0;0.0;0.0
DE0009807008_2913;0.0;0.4;1.0;0.0;1.0;0.0;1.0;0.25;1.0;0.0;1.0;0.4;0.0;0.0
DK0060579423_12;0.0;0.8;0.0;0.0;0.0;0.0;1.0;0.0;0.0;0.5;0.0;0.2;0.0;0.0
DK0061671799_12;0.0;0.8;0.0;0.0;0.0;0.0;1.0;0.0;0.0;0.5;0.0;0.2;0.0;0.0
ES0107489009_3230;1.0;1.0;0.0;1.0;0.0;1.0;1.0;0.0;1.0;0.3333333333333333;0.0;1.0;1.0;1.0
ES0107489017_3230;1.0;1.0;0.0;1.0;0.0;1.0;1.0;0.0;1.0;0.3333333333333333;0.0;1.0;1.0;1.0
ES0107489025_3230;1.0;1.0;0.0;1.0;0.0;1.0;1.0;0.0;1.0;0.3333333333333333;0.0;1.0;1.0;1.0
ES0107489033_3230;1.0;1.0;0.0;1.0;0.0;1.0;1.0;0.0;1.0;0.3333333333333333;0.0;1.0;1.0;1.0
ES0107489041_3230;1.0;1.0;0.0;1.0;0.0;1.0;1.0;0.0;1.0;0.3333333333333333;0.0;1.0;1.0;1.0
ES0107489058_3230;1.0;1.0;0.0;1.0;0.0;1.0;1.0;0.0;1.0;0.3333333333333333;0.0;1.0;1.0;1.0
ES0111092005_3230;1.0;1.0;0.0;1.0;0.0;1.0;1.0;0.0;1.0;0.3333333333333333;0.0;1.0;1.0;1.0
ES0111092013_3230;1.0;1.0;0.0;1.0;0.0;1.0;1.0;0.0;1.0;0.3333333333333333;0.0;1.0;1.0;1.0
ES0111092021_3230;1.0;1.0;0.0;1.0;0.0;1.0;1.0;0.0;1.0;0.3333333333333333;0.0;1.0;1.0;1.0
ES0111092039_1058;1.0;1.0;0.0;1.0;0.0;1.0;1.0;0.0;1.0;0.3333333333333333;0.0;1.0;1.0;1.0
ES0111187003_3230;1.0;1.0;0.0;1.0;0.0;1.0;1.0;0.0;1.0;0.3333333333333333;0.0;1.0;1.0;1.0
ES0111187011_3230;1.0;1.0;0.0;1.0;0.0;1.0;1.0;0.0;1.0;0.3333333333333333;0.0;1.0;1.0;1.0
ES0111187029_3230;1.0;1.0;0.0;1.0;0.0;1.0;1.0;0.0;1.0;0.3333333333333333;0.0;1.0;1.0;1.0
ES0111187037_3230;1.0;1.0;0.0;1.0;0.0;1.0;1.0;0.0;1.0;0.3333333333333333;0.0;1.0;1.0;1.0
ES0111187045_3230;1.0;1.0;0.0;1.0;0.0;1.0;1.0;0.0;1.0;0.3333333333333333;0.0;1.0;1.0;1.0
ES0111187052_3230;1.0;1.0;0.0;1.0;0.0;1.0;1.0;0.0;1.0;0.3333333333333333;0.0;1.0;1.0;1.0
ES0116371008_3230;0.0;0.4;0.0;0.0;0.0;0.0;0.0;0.0;0.0;0.0;0.0;0.0;0.0;0.0
ES0126536038_3230;0.0;0.8;0.0;0.0;0.0;0.09523809523809523;1.0;0.5;1.0;0.5;0.0;0.2;0.0;0.0
ES0126551037_3230;0.0;0.4;0.0;0.0;0.0;0.0;0.0;0.0;0.0;0.0;0.0;0.0;0.0;0.0
ES0126553033_3230;0.0;0.4;0.0;0.0;0.0;0.0;0.0;0.0;0.0;0.0;0.0;0.0;0.0;0.0
ES0138168036_3230;0.0;0.4;0.0;0.0;0.0;0.0;0.0;0.0;0.0;0.0;0.0;0.0;0.0;0.0
ES0138253036_3230;0.0;0.4;0.0;0.0;0.0;0.0;0.0;0.0;0.0;0.0;0.0;0.0;0.0;0.0
ES0138712031_3230;0.0;0.4;0.0;0.0;0.0;0.0;0.0;0.0;0.0;0.0;0.0;0.0;0.0;0.0
ES0159201005_3230;0.0;0.8;0.0;0.0;0.0;0.0;0.0;0.0;1.0;0.0;0.0;0.0;0.0;0.0
ES0159201013_3230;0.0;0.8;0.0;0.0;0.0;0.0;0.0;0.0;1.0;0.0;0.0;0.0;0.0;0.0
ES0159201021_3230;0.0;0.8;0.0;0.0;0.0;0.0;0.0;0.0;1.0;0.0;0.0;0.0;0.0;0.0
ES0159259003_3230;0.0;0.8;0.0;0.0;0.0;0.0;0.0;0.0;1.0;0.0;0.0;0.0;0.0;0.0
ES0159259011_3230;0.0;0.8;0.0;0.0;0.0;0.0;0.0;0.0;1.0;0.0;0.0;0.0;0.0;0.0
ES0159259029_3230;0.0;0.8;0.0;0.0;0.0;0.0;0.0;0.0;1.0;0.0;0.0;0.0;0.0;0.0
ES0173829005_3230;1.0;1.0;0.0;1.0;0.0;1.0;1.0;0.0;1.0;0.3333333333333333;0.0;1.0;1.0;1.0
ES0173829013_3230;1.0;1.0;0.0;1.0;0.0;1.0;1.0;0.0;1.0;0.3333333333333333;0.0;1.0;1.0;1.0
ES0173829021_3230;1.0;1.0;0.0;1.0;0.0;1.0;1.0;0.0;1.0;0.3333333333333333;0.0;1.0;1.0;1.0
ES0173829039_3230;1.0;1.0;0.0;1.0;0.0;1.0;1.0;0.0;1.0;0.3333333333333333;0.0;1.0;1.0;1.0
ES0173856032_3230;0.0;0.4;0.0;0.0;0.0;0.0;0.0;0.0;0.0;0.0;0.0;0.0;0.0;0.0
ES0174403008_3230;1.0;1.0;0.0;1.0;0.0;1.0;1.0;0.0;1.0;0.3333333333333333;0.0;1.0;1.0;1.0
ES0174403016_3230;1.0;1.0;0.0;1.0;0.0;1.0;1.0;0.0;1.0;0.3333333333333333;0.0;1.0;1.0;1.0
ES0174403024_3230;1.0;1.0;0.0;1.0;0.0;1.0;1.0;0.0;1.0;0.3333333333333333;0.0;1.0;1.0;1.0
ES0174403032_3230;1.0;1.0;0.0;1.0;0.0;1.0;1.0;0.0;1.0;0.3333333333333333;0.0;1.0;1.0;1.0
ES0174403040_3230;1.0;1.0;0.0;1.0;0.0;1.0;1.0;0.0;1.0;0.3333333333333333;0.0;1.0;1.0;1.0
ES0174403057_3230;1.0;1.0;0.0;1.0;0.0;1.0;1.0;0.0;1.0;0.3333333333333333;0.0;1.0;1.0;1.0
ES0174434003_3230;1.0;1.0;0.0;1.0;0.0;1.0;1.0;0.0;1.0;0.3333333333333333;0.0;1.0;1.0;1.0
ES0174434011_3230;1.0;1.0;0.0;1.0;0.0;1.0;1.0;0.0;1.0;0.3333333333333333;0.0;1.0;1.0;1.0
ES0174434037_3230;1.0;1.0;0.0;1.0;0.0;1.0;1.0;0.0;1.0;0.3333333333333333;0.0;1.0;1.0;1.0
ES0174436008_3230;1.0;1.0;0.0;1.0;0.0;1.0;1.0;0.0;1.0;0.3333333333333333;0.0;1.0;1.0;1.0
ES0174436016_3230;1.0;1.0;0.0;1.0;0.0;1.0;1.0;0.0;1.0;0.3333333333333333;0.0;1.0;1.0;1.0
ES0174436024_3230;1.0;1.0;0.0;1.0;0.0;1.0;1.0;0.0;1.0;0.3333333333333333;0.0;1.0;1.0;1.0
ES0174436032_3230;1.0;1.0;0.0;1.0;0.0;1.0;1.0;0.0;1.0;0.3333333333333333;0.0;1.0;1.0;1.0
ES0174436040_3230;1.0;1.0;0.0;1.0;0.0;1.0;1.0;0.0;1.0;0.3333333333333333;0.0;1.0;1.0;1.0
ES0174436057_3230;1.0;1.0;0.0;1.0;0.0;1.0;1.0;0.0;1.0;0.3333333333333333;0.0;1.0;1.0;1.0
ES0182543035_3230;1.0;1.0;0.0;1.0;0.0;1.0;1.0;0.0;1.0;0.3333333333333333;0.0;1.0;1.0;1.0
FR0000095465_3313;0.0;0.4;0.0;0.0;0.0;0.0;0.0;0.0;1.0;0.0;0.0;0.0;0.0;0.0
FR0000096695_3313;1.0;0.8;0.0;1.0;1.0;0.14285714285714285;1.0;0.0;1.0;0.0;0.0;0.4;0.0;0.0
FR0000097156_3313;1.0;0.4;0.0;1.0;0.0;0.47619047619047616;1.0;0.5;1.0;0.16666666666666666;0.0;0.6;1.0;1.0
FR0000097560_3313;1.0;0.8;0.0;1.0;1.0;1.0;1.0;0.0;0.0;0.16666666666666666;0.5;0.8;1.0;1.0
FR0000098683_245;0.0;0.6;0.0;0.0;0.0;0.47619047619047616;1.0;0.25;1.0;0.0;0.0;0.6;0.0;0.0
FR0000099939_3230;1.0;0.4;0.0;1.0;0.0;0.47619047619047616;1.0;0.5;1.0;0.16666666666666666;0.0;0.6;1.0;1.0
FR0000281966_3230;0.0;0.4;0.0;0.0;0.0;0.0;0.0;0.0;1.0;0.0;0.0;0.0;0.0;0.0
FR0000288185_3230;1.0;1.0;0.0;0.0;0.0;1.0;1.0;0.0;1.0;0.3333333333333333;0.0;1.0;1.0;1.0
FR0000290124_3313;1.0;0.4;0.0;1.0;0.0;0.47619047619047616;1.0;0.5;1.0;0.16666666666666666;0.0;0.6;1.0;1.0
FR0000290926_3313;0.0;0.4;0.0;0.0;0.0;0.0;0.0;0.0;1.0;0.0;0.0;0.0;0.0;0.0
FR0000291239_3230;1.0;1.0;0.0;1.0;0.0;1.0;1.0;0.0;1.0;0.3333333333333333;1.0;1.0;1.0;1.0
FR0000291528_3313;0.0;0.4;0.0;0.0;0.0;0.0;0.0;0.0;1.0;0.0;0.0;0.0;0.0;0.0
FR0000293698_3230;1.0;0.8;0.0;1.0;1.0;1.0;1.0;0.0;0.0;0.16666666666666666;0.5;0.8;1.0;1.0
FR0000293714_3230;1.0;0.8;0.0;1.0;0.0;1.0;1.0;0.25;1.0;0.0;1.0;1.0;1.0;1.0
FR0000296436_3230;1.0;1.0;0.0;0.0;0.0;1.0;1.0;0.0;1.0;0.3333333333333333;0.0;1.0;1.0;1.0
FR0000299240_3230;1.0;0.6;0.0;1.0;0.0;0.6190476190476191;1.0;0.0;1.0;0.0;1.0;0.6;0.0;0.0
FR0000299364_643;0.0;0.4;0.0;0.0;0.0;0.0;0.0;0.0;1.0;0.0;0.0;0.0;0.0;0.0
FR0000299620_3313;1.0;0.2;0.0;1.0;0.0;1.0;1.0;0.0;1.0;0.16666666666666666;1.0;1.0;1.0;1.0
FR0000431538_245;1.0;1.0;0.0;0.0;0.0;1.0;1.0;0.0;1.0;0.3333333333333333;0.0;1.0;1.0;1.0
FR0007028907_3313;0.0;1.0;0.0;0.0;0.0;0.23809523809523808;1.0;1.0;1.0;0.6666666666666666;1.0;0.6;0.0;0.0
FR0007030663_643;0.0;0.4;0.0;0.0;0.0;0.0;1.0;0.25;1.0;0.0;0.0;0.0;0.0;0.0
FR0007368865_3313;0.0;0.4;0.0;0.0;0.0;0.0;0.0;0.0;0.0;0.0;0.0;0.0;0.0;0.0
FR0007371810_3230;1.0;0.8;0.0;1.0;0.0;1.0;1.0;0.5;1.0;0.16666666666666666;1.0;1.0;1.0;1.0
FR0007371877_3230;0.0;0.8;0.0;0.0;0.0;0.0;0.0;0.0;0.0;0.0;0.0;0.0;0.0;0.0
FR0007374145_3230;1.0;1.0;0.0;0.0;0.0;1.0;1.0;0.0;1.0;0.3333333333333333;0.0;1.0;1.0;1.0
FR0007381983_3230;1.0;0.8;0.0;1.0;1.0;1.0;1.0;0.0;0.0;0.16666666666666666;0.5;0.8;1.0;1.0
FR0007385000_3230;0.0;0.4;0.0;0.0;0.0;0.0;0.0;0.0;1.0;0.0;0.0;0.0;0.0;0.0
FR0007390075_3313;0.0;0.4;0.0;0.0;0.0;0.0;1.0;0.25;1.0;0.0;0.0;0.0;0.0;0.0
FR0007453477_354;0.0;0.2;0.0;0.0;0.0;0.0;0.0;0.0;0.0;0.0;0.0;0.0;0.0;0.0
FR0007462833_3313;1.0;0.8;0.0;1.0;1.0;1.0;1.0;0.0;0.0;0.16666666666666666;0.5;0.8;1.0;1.0
FR0007465075_3230;1.0;0.8;0.0;1.0;1.0;1.0;1.0;0.0;0.0;0.16666666666666666;0.5;0.8;1.0;1.0
FR0007465083_3230;1.0;0.8;0.0;1.0;0.0;1.0;1.0;0.5;1.0;0.16666666666666666;1.0;1.0;1.0;1.0
FR0007473798_3313;0.0;0.4;0.0;0.0;0.0;0.0;1.0;0.25;1.0;0.0;0.0;0.0;0.0;0.0
FR0007474648_3230;1.0;0.8;0.0;1.0;0.0;0.5714285714285714;1.0;0.25;1.0;0.0;1.0;0.6;0.0;0.0
FR0007475843_354;1.0;0.8;0.0;0.0;0.0;0.7619047619047619;1.0;0.5;1.0;0.3333333333333333;0.0;1.0;0.0;0.0
FR0007476734_3313;0.0;0.8;0.0;0.0;0.0;0.47619047619047616;1.0;0.0;1.0;0.5;0.0;0.6;1.0;1.0
FR0007477047_3230;0.0;1.0;0.0;0.0;0.0;0.047619047619047616;1.0;0.25;1.0;0.0;0.0;0.4;0.0;0.0
FR0007478052_3313;0.0;0.4;0.0;0.0;0.0;0.0;0.0;0.0;1.0;0.0;0.0;0.0;0.0;0.0
FR0007478060_3313;0.0;0.4;0.0;0.0;0.0;0.0;0.0;0.0;1.0;0.0;0.0;0.0;0.0;0.0
FR0007479365_3313;1.0;0.8;0.0;1.0;0.0;1.0;1.0;0.5;1.0;0.16666666666666666;1.0;1.0;1.0;1.0
FR0007481817_3230;1.0;1.0;0.0;1.0;0.0;1.0;1.0;0.0;1.0;0.3333333333333333;1.0;1.0;1.0;1.0
FR0007485230_3313;0.0;1.0;0.0;0.0;0.0;0.0;0.0;0.0;0.0;0.0;0.0;0.0;0.0;0.0
FR0007485263_3313;0.0;0.4;0.0;0.0;0.0;0.0;0.0;0.0;1.0;0.0;0.0;0.0;0.0;0.0
FR0007485719_3313;0.0;0.4;0.0;0.0;0.0;0.0;0.0;0.0;0.0;0.0;0.0;0.0;0.0;0.0
FR0007488671_3313;0.0;0.4;0.0;0.0;0.0;0.0;0.0;0.0;1.0;0.0;0.0;0.0;0.0;0.0
FR0007488689_3313;0.0;0.4;0.0;0.0;0.0;0.0;0.0;0.0;1.0;0.0;0.0;0.0;0.0;0.0
FR0007492665_9760;1.0;0.6;0.0;1.0;0.0;0.6190476190476191;1.0;0.25;1.0;0.16666666666666666;1.0;0.6;0.0;0.0
FR0007492681_3230;1.0;0.6;0.0;1.0;0.0;0.6190476190476191;1.0;0.25;1.0;0.5;1.0;0.6;0.0;0.0
FR0007493051_9760;1.0;0.6;0.0;1.0;0.0;0.6190476190476191;1.0;0.0;1.0;0.0;1.0;0.6;0.0;0.0
GB0000799923_2605;0.0;0.4;0.0;0.0;0.0;0.2857142857142857;1.0;0.25;1.0;0.0;0.0;0.4;0.0;0.0
GB0000804335_2605;0.0;0.4;0.0;0.0;0.0;0.2857142857142857;1.0;0.25;1.0;0.0;0.0;0.4;0.0;0.0
GB0003692174_3129;0.0;0.4;0.0;0.0;0.0;0.0;0.0;0.0;0.0;0.0;0.0;0.0;0.0;0.0
GB0003717179_3129;0.0;0.4;0.0;0.0;0.0;0.0;0.0;0.0;0.0;0.0;0.0;0.0;0.0;0.0
GB0005494629_3313;0.0;0.4;0.0;0.0;0.0;0.0;0.0;0.0;0.0;0.0;0.0;0.0;0.0;0.0
GB0005497416_3313;0.0;0.4;0.0;0.0;0.0;0.0;0.0;0.0;0.0;0.0;0.0;0.0;0.0;0.0
GB0030926736_9760;0.0;0.4;0.0;0.0;0.0;0.0;0.0;0.0;0.0;0.0;0.0;0.0;0.0;0.0
GB0030926843_9760;0.0;0.4;0.0;0.0;0.0;0.0;0.0;0.0;0.0;0.0;0.0;0.0;0.0;0.0
GB0030927700_9760;0.0;0.4;0.0;0.0;0.0;0.0;0.0;0.0;0.0;0.0;0.0;0.0;0.0;0.0
GB0030927817_9760;0.0;0.4;0.0;0.0;0.0;0.0;0.0;0.0;0.0;0.0;0.0;0.0;0.0;0.0
GB0030932346_9760;0.0;0.4;0.0;0.0;0.0;0.0;0.0;0.0;0.0;0.0;0.0;0.0;0.0;0.0
GB0030932452_697;0.0;0.4;0.0;0.0;0.0;0.0;0.0;0.0;0.0;0.0;0.0;0.0;0.0;0.0
GB0030932676_205;0.0;0.4;0.0;0.0;0.0;0.0;0.0;0.0;0.0;0.0;0.0;0.0;0.0;0.0
GB0030932783_205;0.0;0.4;0.0;0.0;0.0;0.0;0.0;0.0;0.0;0.0;0.0;0.0;0.0;0.0
GB0030937840_697;0.0;0.4;0.0;0.0;0.0;0.0;0.0;0.0;0.0;0.0;0.0;0.0;0.0;0.0
GB0030938038_3313;0.0;0.4;0.0;0.0;0.0;0.0;0.0;0.0;0.0;0.0;0.0;0.0;0.0;0.0
GB0030938368_3232;0.0;0.4;0.0;0.0;0.0;0.0;0.0;0.0;0.0;0.0;0.0;0.0;0.0;0.0
GB0030938475_2914;0.0;0.4;0.0;0.0;0.0;0.0;0.0;0.0;0.0;0.0;0.0;0.0;0.0;0.0
GB0030939440_9760;0.0;0.4;0.0;0.0;0.0;0.0;0.0;0.0;0.0;0.0;0.0;0.0;0.0;0.0
GB0030939556_3313;0.0;0.4;0.0;0.0;0.0;0.0;0.0;0.0;0.0;0.0;0.0;0.0;0.0;0.0
GB0031107021_697;0.0;0.4;0.0;0.0;0.0;0.0;0.0;0.0;0.0;0.0;0.0;0.0;0.0;0.0
GB0031107468_3313;0.0;0.4;0.0;0.0;0.0;0.0;0.0;0.0;0.0;0.0;0.0;0.0;0.0;0.0
GB0031107807_697;0.0;0.4;0.0;0.0;0.0;0.0;0.0;0.0;0.0;0.0;0.0;0.0;0.0;0.0
GB0031108433_3313;0.0;0.4;0.0;0.0;0.0;0.0;0.0;0.0;0.0;0.0;0.0;0.0;0.0;0.0
GB0031110397_697;0.0;0.4;0.0;0.0;0.0;0.0;0.0;0.0;0.0;0.0;0.0;0.0;0.0;0.0
GB0031110843_3313;0.0;0.4;0.0;0.0;0.0;0.0;0.0;0.0;0.0;0.0;0.0;0.0;0.0;0.0
GB0031110959_3313;0.0;0.4;0.0;0.0;0.0;0.0;0.0;0.0;0.0;0.0;0.0;0.0;0.0;0.0
GB0031111361_697;0.0;0.4;0.0;0.0;0.0;0.0;0.0;0.0;0.0;0.0;0.0;0.0;0.0;0.0
GB0031111478_697;0.0;0.4;0.0;0.0;0.0;0.0;0.0;0.0;0.0;0.0;0.0;0.0;0.0;0.0
GB0031111700_3232;0.0;0.4;0.0;0.0;0.0;0.0;0.0;0.0;0.0;0.0;0.0;0.0;0.0;0.0
GB0031111817_3313;0.0;0.4;0.0;0.0;0.0;0.0;0.0;0.0;0.0;0.0;0.0;0.0;0.0;0.0
GB0031285678_697;0.0;0.4;0.0;0.0;0.0;0.0;0.0;0.0;0.0;0.0;0.0;0.0;0.0;0.0
GB0031285785_3232;0.0;0.4;0.0;0.0;0.0;0.0;0.0;0.0;0.0;0.0;0.0;0.0;0.0;0.0
GB0031286080_3313;0.0;0.4;0.0;0.0;0.0;0.0;0.0;0.0;0.0;0.0;0.0;0.0;0.0;0.0
GB0031286197_3313;0.0;0.4;0.0;0.0;0.0;0.0;0.0;0.0;0.0;0.0;0.0;0.0;0.0;0.0
GB0031288912_9760;0.0;0.4;0.0;0.0;0.0;0.0;0.0;0.0;0.0;0.0;0.0;0.0;0.0;0.0
GB0031289092_697;0.0;0.4;0.0;0.0;0.0;0.0;0.0;0.0;0.0;0.0;0.0;0.0;0.0;0.0
GB0031289100_9760;0.0;0.4;0.0;0.0;0.0;0.0;0.0;0.0;0.0;0.0;0.0;0.0;0.0;0.0
GB0031289217_9760;0.0;0.4;0.0;0.0;0.0;0.0;0.0;0.0;0.0;0.0;0.0;0.0;0.0;0.0
GB0031289324_3313;0.0;0.4;0.0;0.0;0.0;0.0;0.0;0.0;0.0;0.0;0.0;0.0;0.0;0.0
GB0031289431_3313;0.0;0.4;0.0;0.0;0.0;0.0;0.0;0.0;0.0;0.0;0.0;0.0;0.0;0.0
GB0031616708_9760;0.0;0.4;0.0;0.0;0.0;0.0;0.0;0.0;0.0;0.0;0.0;0.0;0.0;0.0
GB0031616815_2914;0.0;0.4;0.0;0.0;0.0;0.0;0.0;0.0;0.0;0.0;0.0;0.0;0.0;0.0
GB0031957102_697;0.0;0.4;0.0;0.0;0.0;0.0;0.0;0.0;0.0;0.0;0.0;0.0;0.0;0.0
GB0031957219_3232;0.0;0.4;0.0;0.0;0.0;0.0;0.0;0.0;0.0;0.0;0.0;0.0;0.0;0.0
GB0031958621_3232;0.0;0.4;0.0;0.0;0.0;0.0;0.0;0.0;0.0;0.0;0.0;0.0;0.0;0.0
GB0031958738_697;0.0;0.4;0.0;0.0;0.0;0.0;0.0;0.0;0.0;0.0;0.0;0.0;0.0;0.0
GB0031960478_3313;0.0;0.4;0.0;0.0;0.0;0.0;0.0;0.0;0.0;0.0;0.0;0.0;0.0;0.0
GB0031960585_697;0.0;0.4;0.0;0.0;0.0;0.0;0.0;0.0;0.0;0.0;0.0;0.0;0.0;0.0
GB0031960692_3313;0.0;0.4;0.0;0.0;0.0;0.0;0.0;0.0;0.0;0.0;0.0;0.0;0.0;0.0
GB0031960700_697;0.0;0.4;0.0;0.0;0.0;0.0;0.0;0.0;0.0;0.0;0.0;0.0;0.0;0.0
GB0033521955_2605;0.0;0.4;0.0;0.0;0.0;0.2857142857142857;1.0;0.25;1.0;0.0;0.0;0.4;0.0;0.0
GG00B1YMBS31_3129;0.0;0.4;0.0;0.0;0.0;0.0;0.0;0.0;0.0;0.0;0.0;0.0;0.0;0.0
GG00B52MXV06_246;0.0;0.2;0.0;0.0;1.0;0.09523809523809523;1.0;0.25;1.0;0.0;0.0;0.2;0.0;0.0
GG00B52VG522_246;0.0;0.2;0.0;0.0;1.0;0.09523809523809523;1.0;0.25;1.0;0.0;0.0;0.2;0.0;0.0
GG00B57GCT81_246;0.0;0.2;0.0;0.0;1.0;0.09523809523809523;1.0;0.25;1.0;0.0;0.0;0.2;0.0;0.0
GG00B58LGT06_246;0.0;0.2;0.0;0.0;1.0;0.09523809523809523;1.0;0.25;1.0;0.0;0.0;0.2;0.0;0.0
GG00B5SNRY87_246;0.0;0.2;0.0;0.0;1.0;0.09523809523809523;1.0;0.25;1.0;0.0;0.0;0.2;0.0;0.0
GG00B5TDGJ56_246;0.0;0.2;0.0;0.0;1.0;0.09523809523809523;1.0;0.25;1.0;0.0;0.0;0.2;0.0;0.0
GG00B76V9426_3129;0.0;0.4;0.0;0.0;0.0;0.0;0.0;0.0;0.0;0.0;0.0;0.0;0.0;0.0
GG00B76V9533_3129;0.0;0.4;0.0;0.0;0.0;0.0;0.0;0.0;0.0;0.0;0.0;0.0;0.0;0.0
GG00BFWK7H85_246;0.0;0.2;0.0;0.0;1.0;0.09523809523809523;1.0;0.25;1.0;0.0;0.0;0.2;0.0;0.0
GG00BGGM0Y54_246;0.0;0.2;0.0;0.0;1.0;0.09523809523809523;1.0;0.25;1.0;0.0;0.0;0.2;0.0;0.0
GG00BGGM1312_246;0.0;0.2;0.0;0.0;1.0;0.09523809523809523;1.0;0.25;1.0;0.0;0.0;0.2;0.0;0.0
GG00BGGM1429_246;0.0;0.2;0.0;0.0;1.0;0.09523809523809523;1.0;0.25;1.0;0.0;0.0;0.2;0.0;0.0
GG00BGGM1536_246;0.0;0.2;0.0;0.0;1.0;0.09523809523809523;1.0;0.25;1.0;0.0;0.0;0.2;0.0;0.0
GG00BGGM1643_246;0.0;0.2;0.0;0.0;1.0;0.09523809523809523;1.0;0.25;1.0;0.0;0.0;0.2;0.0;0.0
GG00BGGM1759_246;0.0;0.2;0.0;0.0;1.0;0.09523809523809523;1.0;0.25;1.0;0.0;0.0;0.2;0.0;0.0
GG00BGGM1866_246;0.0;0.2;0.0;0.0;1.0;0.09523809523809523;1.0;0.25;1.0;0.0;0.0;0.2;0.0;0.0
GG00BGGM1973_246;0.0;0.2;0.0;0.0;1.0;0.09523809523809523;1.0;0.25;1.0;0.0;0.0;0.2;0.0;0.0
GG00BGGM1B92_246;0.0;0.2;0.0;0.0;1.0;0.09523809523809523;1.0;0.25;1.0;0.0;0.0;0.2;0.0;0.0
GG00BGGM1C00_246;0.0;0.2;0.0;0.0;1.0;0.09523809523809523;1.0;0.25;1.0;0.0;0.0;0.2;0.0;0.0
GG00BGGM1F31_246;0.0;0.2;0.0;0.0;1.0;0.09523809523809523;1.0;0.25;1.0;0.0;0.0;0.2;0.0;0.0
GG00BLG33V10_246;0.0;0.2;0.0;0.0;1.0;0.09523809523809523;1.0;0.25;1.0;0.0;0.0;0.2;0.0;0.0
GG00BLG33W27_246;0.0;0.2;0.0;0.0;1.0;0.09523809523809523;1.0;0.25;1.0;0.0;0.0;0.2;0.0;0.0
GG00BLG33X34_246;0.0;0.2;0.0;0.0;1.0;0.09523809523809523;1.0;0.25;1.0;0.0;0.0;0.2;0.0;0.0
GG00BLG33Y41_246;0.0;0.2;0.0;0.0;1.0;0.09523809523809523;1.0;0.25;1.0;0.0;0.0;0.2;0.0;0.0
GG00BMD24M63_246;0.0;0.2;0.0;0.0;1.0;0.09523809523809523;1.0;0.25;1.0;0.0;0.0;0.2;0.0;0.0
GG00BQB32251_246;0.0;0.2;0.0;0.0;1.0;0.09523809523809523;1.0;0.25;1.0;0.0;0.0;0.2;0.0;0.0
GG00BSS86034_3129;0.0;0.4;0.0;0.0;0.0;0.0;0.0;0.0;0.0;0.0;0.0;0.0;0.0;0.0
GG00BSS86364_3129;0.0;0.4;0.0;0.0;0.0;0.0;0.0;0.0;0.0;0.0;0.0;0.0;0.0;0.0
GG00BWFGQ647_246;0.0;0.2;0.0;0.0;1.0;0.09523809523809523;1.0;0.25;1.0;0.0;0.0;0.2;0.0;0.0
GG00BWFGQ753_246;0.0;0.2;0.0;0.0;1.0;0.09523809523809523;1.0;0.25;1.0;0.0;0.0;0.2;0.0;0.0
IE0000829238_2913;0.0;0.4;0.0;0.0;0.0;0.2857142857142857;1.0;0.25;1.0;0.0;0.0;0.4;0.0;0.0
IE0000829451_18;0.0;0.4;0.0;0.0;0.0;0.2857142857142857;1.0;0.25;1.0;0.0;0.0;0.4;0.0;0.0
IE0000829568_14;1.0;0.4;0.0;1.0;0.0;0.23809523809523808;1.0;0.25;1.0;0.0;0.0;0.0;0.0;0.0
IE0000830236_17;0.0;0.4;0.0;0.0;0.0;0.2857142857142857;1.0;0.25;1.0;0.0;0.0;0.4;0.0;0.0
IE0000838304_14;0.0;0.4;0.0;0.0;0.0;0.2857142857142857;1.0;0.25;1.0;0.0;0.0;0.4;0.0;0.0
IE0000931182_2779;0.0;0.4;0.0;0.0;0.0;0.2857142857142857;1.0;0.25;1.0;0.0;0.0;0.4;0.0;0.0
IE0001534761_2785;0.0;0.6;0.0;0.0;0.0;0.47619047619047616;1.0;0.0;1.0;0.16666666666666666;0.0;0.8;0.0;1.0
IE0002458671_2605;1.0;0.6;0.0;0.0;0.0;1.0;1.0;0.0;1.0;0.0;0.0;1.0;1.0;1.0
IE0003763251_2785;0.0;0.6;0.0;0.0;0.0;0.47619047619047616;1.0;0.0;1.0;0.16666666666666666;0.0;0.8;0.0;1.0
IE0004314401_205;1.0;0.6;0.0;1.0;0.0;0.6190476190476191;1.0;0.25;1.0;0.5;1.0;0.6;0.0;0.0
IE0004324657_3231;1.0;0.6;0.0;1.0;0.0;0.6190476190476191;1.0;0.25;1.0;0.5;1.0;0.6;0.0;0.0
IE0004328963_3313;1.0;0.6;1.0;1.0;1.0;0.8095238095238095;1.0;0.0;1.0;0.0;0.5;1.0;1.0;1.0
IE0004329151_3313;1.0;0.6;1.0;1.0;1.0;0.8095238095238095;1.0;0.0;1.0;0.0;0.5;1.0;1.0;1.0
IE0004329268_3059;1.0;0.6;1.0;1.0;1.0;0.8095238095238095;1.0;0.0;1.0;0.0;0.5;1.0;1.0;1.0
IE0004329375_3059;1.0;0.6;1.0;1.0;1.0;0.8095238095238095;1.0;0.0;1.0;0.0;0.5;1.0;1.0;1.0
IE0004329607_3059;1.0;0.6;1.0;1.0;1.0;0.8095238095238095;1.0;0.0;1.0;0.0;0.5;1.0;1.0;1.0
IE0004334029_13;1.0;0.6;0.0;1.0;0.0;0.6190476190476191;1.0;0.25;1.0;0.16666666666666666;1.0;0.6;0.0;0.0
IE0004345025_18;1.0;0.6;0.0;1.0;0.0;0.6190476190476191;1.0;0.25;1.0;0.5;1.0;0.6;0.0;0.0
IE0004347849_431;1.0;0.4;0.0;0.0;0.0;1.0;1.0;0.25;1.0;0.0;0.0;1.0;1.0;1.0
IE0004354209_15;1.0;0.6;0.0;1.0;0.0;0.6190476190476191;1.0;0.25;1.0;0.16666666666666666;1.0;0.6;0.0;0.0
IE0004850503_205;0.0;0.4;0.0;0.0;0.0;0.2857142857142857;1.0;0.25;1.0;0.0;0.0;0.4;0.0;0.0
IE0004851352_14;0.0;0.4;0.0;0.0;0.0;0.2857142857142857;1.0;0.25;1.0;0.0;0.0;0.4;0.0;0.0
IE0004866665_18;0.0;0.4;0.0;0.0;0.0;0.2857142857142857;1.0;0.25;1.0;0.0;0.0;0.4;0.0;0.0
IE0004866889_2913;0.0;0.4;0.0;0.0;0.0;0.2857142857142857;1.0;0.25;1.0;0.0;0.0;0.4;0.0;0.0
IE0004866996_2605;1.0;0.4;0.0;1.0;0.0;0.23809523809523808;1.0;0.25;1.0;0.0;0.0;0.0;0.0;0.0
IE0004868828_2779;0.0;0.4;0.0;0.0;0.0;0.2857142857142857;1.0;0.25;1.0;0.0;0.0;0.4;0.0;0.0
IE0004904748_3059;1.0;0.6;1.0;1.0;1.0;0.8095238095238095;1.0;0.0;1.0;0.0;0.5;1.0;1.0;1.0
IE0005060367_2779;0.0;0.0;0.0;0.0;0.0;0.2857142857142857;1.0;0.25;1.0;0.0;0.0;0.8;0.0;0.0
IE0005324847_354;1.0;0.4;0.0;0.0;0.0;1.0;1.0;0.25;1.0;0.0;0.0;1.0;1.0;1.0
IE0008004719_3313;1.0;0.6;1.0;1.0;1.0;0.8095238095238095;1.0;0.0;1.0;0.0;0.5;1.0;1.0;1.0
IE0008005567_3059;1.0;0.6;1.0;1.0;1.0;0.8095238095238095;1.0;0.0;1.0;0.0;0.5;1.0;1.0;1.0
IE0008040424_3059;1.0;0.6;1.0;1.0;1.0;0.8095238095238095;1.0;0.0;1.0;0.0;0.5;1.0;1.0;1.0
IE0008042461_3059;1.0;0.6;1.0;1.0;1.0;0.8095238095238095;1.0;0.0;1.0;0.0;0.5;1.0;1.0;1.0
IE0008365516_18;1.0;0.6;0.0;1.0;0.0;0.6190476190476191;1.0;0.25;1.0;0.5;1.0;0.6;0.0;0.0
IE0008366589_2720;1.0;0.6;0.0;1.0;0.0;0.6190476190476191;1.0;0.25;1.0;0.16666666666666666;1.0;0.6;0.0;0.0
IE0008366704_2608;1.0;0.6;0.0;1.0;0.0;0.6190476190476191;1.0;0.25;1.0;0.5;1.0;0.6;0.0;0.0
IE0008366928_2608;1.0;0.6;0.0;1.0;0.0;0.6190476190476191;1.0;0.25;1.0;0.5;1.0;0.6;0.0;0.0
IE0008367009_9760;1.0;0.6;0.0;1.0;0.0;0.6190476190476191;1.0;0.25;1.0;0.16666666666666666;1.0;0.6;0.0;0.0
IE0008553855_3231;0.0;0.8;0.0;0.0;0.0;0.047619047619047616;1.0;0.5;1.0;0.5;0.0;0.4;0.0;0.0
IE0008554044_3231;0.0;0.8;0.0;0.0;0.0;0.047619047619047616;1.0;0.5;1.0;0.5;0.0;0.4;0.0;0.0
IE0008554267_3231;0.0;0.8;0.0;0.0;0.0;0.047619047619047616;1.0;0.5;1.0;0.5;0.0;0.4;0.0;0.0
IE0008643037_3230;0.0;0.8;0.0;0.0;0.0;0.047619047619047616;1.0;0.5;1.0;0.5;0.0;0.4;0.0;0.0
IE0008643250_3230;0.0;0.8;0.0;0.0;0.0;0.047619047619047616;1.0;0.5;1.0;0.5;0.0;0.4;0.0;0.0
IE0008707428_2720;0.0;0.8;0.0;0.0;0.0;0.047619047619047616;1.0;0.5;1.0;0.5;0.0;0.4;0.0;0.0
IE0008720272_3313;0.0;0.8;0.0;0.0;0.0;0.047619047619047616;1.0;0.5;1.0;0.5;0.0;0.4;0.0;0.0
IE0009240692_3231;0.0;0.8;0.0;0.0;0.0;0.7619047619047619;1.0;0.0;1.0;0.0;0.0;0.4;0.0;0.0
IE0009407531_3313;0.0;0.6;0.0;0.0;0.0;0.47619047619047616;1.0;0.0;1.0;0.16666666666666666;0.0;0.8;0.0;1.0
IT0000382561_354;0.0;0.2;0.0;0.0;0.0;0.0;0.0;0.0;0.0;0.0;0.0;0.0;0.0;0.0
IT0000388204_282;1.0;1.0;0.0;0.0;0.0;1.0;1.0;0.0;1.0;0.0;0.0;1.0;1.0;1.0
IT0000388808_354;1.0;0.2;0.0;1.0;0.0;1.0;1.0;0.0;1.0;0.5;1.0;1.0;1.0;1.0
IT0000388840_282;1.0;0.2;0.0;1.0;0.0;1.0;1.0;0.0;1.0;0.3333333333333333;1.0;1.0;1.0;1.0
IT0001080404_282;0.0;0.8;0.0;0.0;0.0;0.047619047619047616;1.0;0.25;1.0;0.0;0.0;0.2;0.0;0.0
IT0001250205_282;1.0;1.0;0.0;1.0;0.0;1.0;1.0;0.0;1.0;0.3333333333333333;1.0;1.0;1.0;1.0
IT0001250239_282;1.0;1.0;0.0;1.0;0.0;1.0;1.0;0.0;1.0;0.3333333333333333;1.0;1.0;1.0;1.0
IT0001318739_282;1.0;0.8;0.0;0.0;0.0;1.0;1.0;0.0;1.0;0.0;0.0;1.0;1.0;1.0
IT0001374245_354;1.0;0.2;0.0;1.0;0.0;1.0;1.0;0.0;1.0;0.5;1.0;1.0;1.0;1.0
IT0001374302_354;1.0;0.2;0.0;1.0;0.0;1.0;1.0;0.0;1.0;0.5;1.0;1.0;1.0;1.0
IT0001468047_282;1.0;0.2;0.0;1.0;0.0;1.0;1.0;0.0;1.0;0.5;1.0;1.0;1.0;1.0
IT0004240542_282;1.0;0.2;0.0;1.0;0.0;1.0;1.0;0.0;1.0;0.5;1.0;1.0;1.0;1.0
IT0004253800_282;1.0;1.0;0.0;0.0;0.0;1.0;1.0;0.0;1.0;0.3333333333333333;0.0;1.0;1.0;1.0
IT0004253826_282;1.0;1.0;0.0;0.0;0.0;1.0;1.0;0.0;1.0;0.3333333333333333;0.0;1.0;1.0;1.0
IT0004791759_282;1.0;1.0;0.0;0.0;0.0;1.0;1.0;0.0;1.0;0.3333333333333333;0.0;1.0;1.0;1.0
IT0004812449_282;1.0;1.0;0.0;1.0;0.0;1.0;1.0;0.0;1.0;0.3333333333333333;1.0;1.0;1.0;1.0
IT0004812464_282;1.0;1.0;0.0;1.0;0.0;1.0;1.0;0.0;1.0;0.3333333333333333;1.0;1.0;1.0;1.0
IT0004812514_282;1.0;1.0;0.0;1.0;0.0;1.0;1.0;0.0;1.0;0.3333333333333333;1.0;1.0;1.0;1.0
IT0004812530_282;1.0;1.0;0.0;1.0;0.0;1.0;1.0;0.0;1.0;0.3333333333333333;1.0;1.0;1.0;1.0
IT0004814064_282;1.0;1.0;0.0;0.0;0.0;1.0;1.0;0.0;1.0;0.0;0.0;1.0;1.0;1.0
IT0004814510_282;1.0;0.8;0.0;0.0;0.0;1.0;1.0;0.0;1.0;0.0;0.0;1.0;1.0;1.0
IT0004814577_282;1.0;1.0;0.0;0.0;0.0;1.0;1.0;0.0;1.0;0.3333333333333333;0.0;1.0;1.0;1.0
IT0004814643_282;1.0;1.0;0.0;0.0;0.0;1.0;1.0;0.0;1.0;0.3333333333333333;0.0;1.0;1.0;1.0
IT0005028680_282;1.0;1.0;0.0;1.0;0.0;1.0;1.0;0.0;1.0;0.3333333333333333;1.0;1.0;1.0;1.0
IT0005028698_282;1.0;1.0;0.0;1.0;0.0;1.0;1.0;0.0;1.0;0.3333333333333333;1.0;1.0;1.0;1.0
IT0005125049_282;1.0;1.0;0.0;1.0;0.0;1.0;1.0;0.0;1.0;0.3333333333333333;1.0;1.0;1.0;1.0
IT0005125064_282;1.0;1.0;0.0;1.0;0.0;1.0;1.0;0.0;1.0;0.3333333333333333;1.0;1.0;1.0;1.0
IT0005125080_282;1.0;1.0;0.0;1.0;0.0;1.0;1.0;0.0;1.0;0.3333333333333333;1.0;1.0;1.0;1.0
IT0005189128_282;1.0;1.0;0.0;0.0;0.0;1.0;1.0;0.0;1.0;0.3333333333333333;0.0;1.0;1.0;1.0
IT0005241440_282;1.0;1.0;0.0;1.0;0.0;1.0;1.0;0.0;1.0;0.3333333333333333;1.0;1.0;1.0;1.0
IT0005241465_282;1.0;1.0;0.0;1.0;0.0;1.0;1.0;0.0;1.0;0.3333333333333333;1.0;1.0;1.0;1.0
IT0005243263_282;1.0;1.0;0.0;1.0;0.0;1.0;1.0;0.0;1.0;0.3333333333333333;1.0;1.0;1.0;1.0
IT0005243289_282;1.0;1.0;0.0;0.0;0.0;1.0;1.0;0.0;1.0;0.3333333333333333;0.0;1.0;1.0;1.0
IT0005250243_282;1.0;1.0;0.0;1.0;0.0;1.0;1.0;0.0;1.0;0.3333333333333333;1.0;1.0;1.0;1.0
IT0005250268_282;1.0;1.0;0.0;1.0;0.0;1.0;1.0;0.0;1.0;0.3333333333333333;1.0;1.0;1.0;1.0
IT0005250904_282;1.0;1.0;0.0;1.0;0.0;1.0;1.0;0.0;1.0;0.3333333333333333;1.0;1.0;1.0;1.0
IT0005323131_282;1.0;1.0;0.0;1.0;0.0;1.0;1.0;0.0;1.0;0.3333333333333333;1.0;1.0;1.0;1.0
IT0005340952_282;1.0;1.0;0.0;1.0;0.0;1.0;1.0;0.0;1.0;0.3333333333333333;0.0;1.0;1.0;1.0
IT0005351322_282;1.0;1.0;0.0;1.0;0.0;1.0;1.0;0.0;1.0;0.3333333333333333;0.0;1.0;1.0;1.0
IT0005351371_282;1.0;1.0;0.0;1.0;0.0;1.0;1.0;0.0;1.0;0.3333333333333333;0.0;1.0;1.0;1.0
IT0005358046_282;1.0;1.0;0.0;1.0;0.0;1.0;1.0;0.0;1.0;0.3333333333333333;0.0;1.0;1.0;1.0
IT0005358061_282;1.0;1.0;0.0;1.0;0.0;1.0;1.0;0.0;1.0;0.3333333333333333;0.0;1.0;1.0;1.0
IT0005362832_282;1.0;1.0;0.0;1.0;0.0;1.0;1.0;0.0;1.0;0.0;0.0;1.0;1.0;1.0
IT0005371080_282;1.0;1.0;0.0;1.0;0.0;1.0;1.0;0.0;1.0;0.3333333333333333;0.0;1.0;1.0;1.0
IT0005371106_282;1.0;1.0;0.0;1.0;0.0;1.0;1.0;0.0;1.0;0.3333333333333333;0.0;1.0;1.0;1.0
IT0005381865_282;1.0;1.0;0.0;1.0;0.0;1.0;1.0;0.0;1.0;0.3333333333333333;0.0;1.0;1.0;1.0
IT0005381907_282;1.0;1.0;0.0;1.0;0.0;1.0;1.0;0.0;1.0;0.3333333333333333;0.0;1.0;1.0;1.0
IT0005381923_282;1.0;1.0;0.0;1.0;0.0;1.0;1.0;0.0;1.0;0.3333333333333333;0.0;1.0;1.0;1.0
IT0005389793_282;1.0;1.0;0.0;1.0;0.0;1.0;1.0;0.0;1.0;0.3333333333333333;0.0;1.0;1.0;1.0
LI0010404585_351;0.0;0.6;0.0;0.0;0.0;0.0;0.0;0.0;1.0;0.0;0.0;0.0;0.0;0.0
LI0017502381_2810;1.0;0.6;1.0;1.0;1.0;1.0;1.0;0.25;1.0;0.0;1.0;1.0;1.0;1.0
LI0022353390_3313;0.0;0.6;0.0;0.0;0.0;0.0;0.0;0.0;1.0;0.0;0.0;0.0;0.0;0.0
LI0028897788_349;0.0;0.6;0.0;0.0;0.0;0.0;0.0;0.0;1.0;0.0;0.0;0.0;0.0;0.0
LI0037862872_511;0.0;0.6;0.0;0.0;0.0;0.0;0.0;0.0;1.0;0.0;0.0;0.0;0.0;0.0
LI0042307384_2810;0.0;0.6;0.0;0.0;0.0;0.0;0.0;0.0;1.0;0.0;0.0;0.0;0.0;0.0
LI0045967341_205;0.0;0.6;0.0;0.0;0.0;0.0;0.0;0.0;1.0;0.0;0.0;0.0;0.0;0.0
LI0047679860_3313;1.0;0.6;0.0;0.0;0.0;0.5714285714285714;1.0;0.25;1.0;0.0;0.0;1.0;1.0;1.0
LI0123466802_15;1.0;0.6;1.0;1.0;1.0;1.0;1.0;0.25;1.0;0.0;1.0;1.0;1.0;1.0
LI0148578169_205;0.0;0.6;0.0;0.0;0.0;0.0;0.0;0.0;1.0;0.0;0.0;0.0;0.0;0.0
LI0181468138_3313;1.0;0.6;0.0;0.0;0.0;0.5714285714285714;1.0;0.25;1.0;0.0;0.0;1.0;1.0;1.0
LI0183680391_3313;0.0;0.6;0.0;0.0;0.0;0.0;0.0;0.0;1.0;0.0;0.0;0.0;0.0;0.0
LI0185254757_3313;0.0;0.6;0.0;0.0;0.0;0.0;0.0;0.0;1.0;0.0;0.0;0.0;0.0;0.0
LI0185254765_3313;0.0;0.6;0.0;0.0;0.0;0.0;0.0;0.0;1.0;0.0;0.0;0.0;0.0;0.0
LI0245942557_3313;0.0;0.6;0.0;0.0;0.0;0.0;0.0;0.0;1.0;0.0;0.0;0.0;0.0;0.0
LI0252716753_3313;1.0;0.6;0.0;0.0;0.0;0.5714285714285714;1.0;0.25;1.0;0.0;0.0;1.0;1.0;1.0
LI0253998061_3313;1.0;0.6;1.0;1.0;1.0;1.0;1.0;0.25;1.0;0.0;1.0;1.0;1.0;1.0
LI0253998095_200;1.0;0.6;1.0;1.0;1.0;1.0;1.0;0.25;1.0;0.0;1.0;1.0;1.0;1.0
LI0292265704_393;0.0;0.6;0.0;0.0;0.0;0.0;0.0;0.0;1.0;0.0;0.0;0.0;0.0;0.0
LI0306626206_3313;1.0;0.6;1.0;1.0;1.0;1.0;1.0;0.25;1.0;0.0;1.0;1.0;1.0;1.0
LI0321177912_200;1.0;0.6;1.0;1.0;1.0;1.0;1.0;0.25;1.0;0.0;1.0;1.0;1.0;1.0
LI0324221725_511;0.0;0.6;0.0;0.0;0.0;0.0;0.0;0.0;1.0;0.0;0.0;0.0;0.0;0.0
LI0324221808_393;0.0;0.6;0.0;0.0;0.0;0.0;0.0;0.0;1.0;0.0;0.0;0.0;0.0;0.0
LI0329781590_3313;1.0;0.6;0.0;0.0;0.0;0.5714285714285714;1.0;0.25;1.0;0.0;0.0;1.0;1.0;1.0
LI0329781608_3313;1.0;0.6;0.0;0.0;0.0;0.5714285714285714;1.0;0.25;1.0;0.0;0.0;1.0;1.0;1.0
LI0334507477_205;0.0;0.6;0.0;0.0;0.0;0.0;0.0;0.0;1.0;0.0;0.0;0.0;0.0;0.0
LI0334507485_3313;0.0;0.6;0.0;0.0;0.0;0.0;0.0;0.0;1.0;0.0;0.0;0.0;0.0;0.0
LI0335987173_3313;1.0;0.6;1.0;1.0;1.0;1.0;1.0;0.25;1.0;0.0;1.0;1.0;1.0;1.0
LI0336894352_3230;0.0;0.6;0.0;0.0;0.0;0.0;0.0;0.0;1.0;0.0;0.0;0.0;0.0;0.0
LI0336894360_3313;0.0;0.6;0.0;0.0;0.0;0.0;0.0;0.0;1.0;0.0;0.0;0.0;0.0;0.0
LI0336894378_2810;0.0;0.6;0.0;0.0;0.0;0.0;0.0;0.0;1.0;0.0;0.0;0.0;0.0;0.0
LI0339972288_3313;0.0;0.6;0.0;0.0;0.0;0.0;1.0;0.5;1.0;0.0;0.0;0.0;0.0;0.0
LI0348132080_3313;1.0;0.6;1.0;1.0;1.0;1.0;1.0;0.5;1.0;0.0;1.0;1.0;1.0;1.0
LI0348132148_3313;1.0;0.6;1.0;1.0;1.0;1.0;1.0;0.5;1.0;0.0;1.0;1.0;1.0;1.0
LI0348132296_3313;1.0;0.6;1.0;1.0;1.0;1.0;1.0;0.5;1.0;0.0;1.0;1.0;1.0;1.0
LI0351138891_3313;0.0;0.6;0.0;0.0;0.0;0.0;0.0;0.0;1.0;0.0;0.0;0.0;0.0;0.0
LI0351138917_3313;0.0;0.6;0.0;0.0;0.0;0.0;0.0;0.0;1.0;0.0;0.0;0.0;0.0;0.0
LI0351138925_3313;0.0;0.6;0.0;0.0;0.0;0.0;0.0;0.0;1.0;0.0;0.0;0.0;0.0;0.0
LI0364737259_2810;0.0;0.6;0.0;0.0;0.0;0.0;0.0;0.0;1.0;0.0;0.0;0.0;0.0;0.0
LI0394750827_2810;0.0;0.6;0.0;0.0;0.0;0.0;0.0;0.0;1.0;0.0;0.0;0.0;0.0;0.0
LI0394750835_3233;0.0;0.6;0.0;0.0;0.0;0.0;0.0;0.0;1.0;0.0;0.0;0.0;0.0;0.0
LI0394750843_3230;0.0;0.6;0.0;0.0;0.0;0.0;0.0;0.0;1.0;0.0;0.0;0.0;0.0;0.0
LI0394750850_2810;0.0;0.6;0.0;0.0;0.0;0.0;0.0;0.0;1.0;0.0;0.0;0.0;0.0;0.0
LI0408681091_3313;0.0;0.6;0.0;0.0;0.0;0.0;0.0;0.0;1.0;0.0;0.0;0.0;0.0;0.0
LI0408681109_2810;0.0;0.6;0.0;0.0;0.0;0.0;0.0;0.0;1.0;0.0;0.0;0.0;0.0;0.0
LI0408681117_3313;0.0;0.6;0.0;0.0;0.0;0.0;0.0;0.0;1.0;0.0;0.0;0.0;0.0;0.0
LI0408681125_2810;0.0;0.6;0.0;0.0;0.0;0.0;0.0;0.0;1.0;0.0;0.0;0.0;0.0;0.0
LI0459812520_2810;1.0;0.6;0.0;0.0;0.0;0.5714285714285714;0.0;0.0;1.0;0.0;0.0;1.0;1.0;1.0
LI0466183220_2810;0.0;0.6;0.0;0.0;0.0;0.0;0.0;0.0;1.0;0.0;0.0;0.0;0.0;0.0
LI0466188294_3235;0.0;0.6;0.0;0.0;0.0;0.0;0.0;0.0;1.0;0.0;0.0;0.0;0.0;0.0
LU0012006317_354;0.0;0.6;0.0;0.0;0.0;0.0;0.0;0.0;0.0;0.0;0.0;0.0;0.0;0.0
LU0028445327_354;1.0;0.8;0.0;0.0;0.0;0.7142857142857143;1.0;0.0;0.0;0.0;0.0;1.0;1.0;1.0
LU0028445590_354;1.0;0.8;0.0;0.0;0.0;0.8095238095238095;1.0;0.0;0.0;0.0;0.0;1.0;1.0;1.0
LU0034955152_431;1.0;1.0;0.0;0.0;0.0;1.0;1.0;0.75;1.0;0.3333333333333333;0.0;1.0;1.0;1.0
LU0034955236_431;1.0;1.0;0.0;0.0;0.0;1.0;1.0;0.75;1.0;0.3333333333333333;0.0;1.0;1.0;1.0
LU0040769829_431;1.0;0.6;0.0;0.0;0.0;0.47619047619047616;1.0;0.0;1.0;0.16666666666666666;0.0;1.0;0.0;0.0
LU0044957727_2779;0.0;1.0;0.0;0.0;0.0;0.0;1.0;0.0;1.0;0.0;0.0;0.4;0.0;0.0
LU0044957990_431;0.0;1.0;0.0;0.0;0.0;0.0;1.0;0.0;1.0;0.0;0.0;0.4;0.0;0.0
LU0044958022_431;0.0;1.0;0.0;0.0;0.0;0.0;1.0;0.0;1.0;0.0;0.0;0.4;0.0;0.0
LU0047987325_2779;0.0;0.8;0.0;0.0;0.0;0.0;0.0;0.0;0.0;0.0;0.0;0.0;0.0;0.0
LU0048215999_431;0.0;0.8;0.0;0.0;0.0;0.0;0.0;0.0;0.0;0.0;0.0;0.0;0.0;0.0
LU0048388663_13;1.0;0.6;0.0;0.0;0.0;1.0;1.0;0.25;1.0;0.16666666666666666;0.0;1.0;1.0;1.0
LU0048423833_2779;1.0;1.0;0.0;0.0;0.0;1.0;1.0;0.0;1.0;0.5;0.0;1.0;1.0;1.0
LU0048423916_611;1.0;1.0;0.0;0.0;0.0;1.0;1.0;0.0;1.0;0.5;0.0;1.0;1.0;1.0
LU0048424138_17;1.0;1.0;0.0;0.0;0.0;1.0;1.0;0.0;1.0;0.5;0.0;1.0;1.0;1.0
LU0049853897_16;1.0;0.6;0.0;0.0;0.0;1.0;1.0;0.25;1.0;0.16666666666666666;0.0;1.0;1.0;1.0
LU0049910796_354;1.0;0.4;1.0;1.0;1.0;0.8571428571428571;1.0;0.25;1.0;0.0;0.5;1.0;1.0;1.0
LU0049911091_430;1.0;0.4;1.0;1.0;1.0;0.8571428571428571;1.0;0.25;1.0;0.0;0.5;1.0;1.0;1.0
LU0049911844_354;1.0;0.4;1.0;1.0;1.0;0.8571428571428571;1.0;0.25;1.0;0.0;0.5;1.0;1.0;1.0
LU0049912065_354;1.0;0.4;1.0;1.0;1.0;0.8571428571428571;1.0;0.25;1.0;0.0;0.5;1.0;1.0;1.0
LU0050126431_431;1.0;0.6;0.0;0.0;0.0;0.47619047619047616;1.0;0.0;1.0;0.16666666666666666;0.0;1.0;0.0;0.0
LU0050692549_431;0.0;1.0;0.0;0.0;0.0;0.0;1.0;0.0;1.0;0.0;0.0;0.4;0.0;0.0
LU0050693513_431;0.0;1.0;0.0;0.0;0.0;0.0;1.0;0.0;1.0;0.0;0.0;0.4;0.0;0.0
LU0050693943_431;0.0;1.0;0.0;0.0;0.0;0.0;1.0;0.0;1.0;0.0;0.0;0.4;0.0;0.0
LU0051128774_431;1.0;1.0;0.0;0.0;0.0;0.14285714285714285;1.0;0.5;1.0;0.5;0.0;0.8;0.0;0.0
LU0051128931_431;1.0;1.0;0.0;0.0;0.0;0.14285714285714285;1.0;0.5;1.0;0.5;0.0;0.8;0.0;0.0
LU0051129079_431;0.0;0.6;0.0;0.0;0.0;0.0;0.0;0.0;0.0;0.0;0.0;0.0;0.0;0.0
LU0051129152_431;0.0;0.6;0.0;0.0;0.0;0.0;0.0;0.0;0.0;0.0;0.0;0.0;0.0;0.0
LU0052864419_431;1.0;0.6;1.0;1.0;1.0;1.0;1.0;0.25;1.0;0.0;1.0;1.0;1.0;1.0
LU0053671581_2913;0.0;0.8;0.0;0.0;0.0;0.0;1.0;0.5;1.0;0.16666666666666666;0.0;0.4;0.0;0.0
LU0053685615_18;0.0;0.8;0.0;0.0;0.0;0.0;1.0;0.5;1.0;0.16666666666666666;0.0;0.4;0.0;0.0
LU0054300461_246;0.0;0.4;0.0;0.0;0.0;0.0;0.0;0.0;1.0;0.0;0.0;0.0;0.0;0.0
LU0054403190_431;0.0;1.0;0.0;0.0;0.0;0.0;1.0;0.0;1.0;0.0;0.0;0.4;0.0;0.0
LU0054548911_431;0.0;1.0;0.0;0.0;0.0;0.0;1.0;0.0;1.0;0.0;0.0;0.4;0.0;0.0
LU0054846695_431;0.0;1.0;0.0;0.0;0.0;0.0;1.0;0.0;1.0;0.0;0.0;0.4;0.0;0.0
LU0056052961_16;1.0;0.6;0.0;0.0;0.0;0.8095238095238095;1.0;0.5;1.0;0.5;0.0;1.0;0.0;0.0
LU0056053001_16;1.0;0.6;0.0;0.0;0.0;0.8095238095238095;1.0;0.5;1.0;0.5;0.0;1.0;0.0;0.0
LU0057025933_16;1.0;1.0;0.0;0.0;0.0;1.0;1.0;0.75;1.0;0.3333333333333333;0.0;1.0;1.0;1.0
LU0057026071_431;1.0;1.0;0.0;0.0;0.0;1.0;1.0;0.75;1.0;0.3333333333333333;0.0;1.0;1.0;1.0
LU0058720904_15;0.0;1.0;0.0;0.0;0.0;0.0;1.0;0.0;1.0;0.0;0.0;0.4;0.0;0.0
LU0058721035_431;0.0;1.0;0.0;0.0;0.0;0.0;1.0;0.0;1.0;0.0;0.0;0.4;0.0;0.0
LU0060230025_2913;0.0;1.0;0.0;0.0;0.0;0.0;1.0;0.0;1.0;0.0;0.0;0.4;0.0;0.0
LU0061928585_2913;1.0;0.8;1.0;0.0;1.0;1.0;1.0;0.75;1.0;0.3333333333333333;0.0;1.0;1.0;1.0
LU0062903967_431;1.0;0.6;0.0;0.0;0.0;1.0;1.0;0.25;1.0;0.16666666666666666;0.0;1.0;1.0;1.0
LU0062906986_431;1.0;0.6;0.0;0.0;0.0;1.0;1.0;0.25;1.0;0.16666666666666666;0.0;1.0;1.0;1.0
LU0067059799_2913;0.0;0.6;0.0;0.0;0.0;0.0;0.0;0.0;0.0;0.0;0.0;0.0;0.0;0.0
LU0077500055_18;1.0;0.6;0.0;0.0;0.0;0.8095238095238095;1.0;0.5;1.0;0.5;1.0;1.0;0.0;0.0
LU0094967261_708;0.0;0.6;0.0;0.0;0.0;0.0;0.0;0.0;0.0;0.0;0.0;0.0;0.0;0.0
LU0094967691_3235;0.0;0.6;0.0;0.0;0.0;0.0;0.0;0.0;0.0;0.0;0.0;0.0;0.0;0.0
LU0095053426_2913;1.0;1.0;0.0;1.0;0.0;1.0;1.0;0.25;1.0;0.0;1.0;1.0;1.0;1.0
NL0000215366_2732;0.0;0.6;0.0;0.0;0.0;0.0;0.0;0.0;0.0;0.0;0.0;0.0;0.0;0.0
NL0000286441_3313;1.0;1.0;0.0;0.0;0.0;0.047619047619047616;1.0;0.25;1.0;0.0;1.0;0.8;0.0;0.0
NL0000289627_3313;1.0;0.6;0.0;0.0;0.0;0.8571428571428571;1.0;0.25;1.0;0.0;0.0;0.8;0.0;0.0
NL0000289858_3313;1.0;1.0;0.0;0.0;0.0;0.047619047619047616;1.0;0.25;1.0;0.0;0.0;0.8;0.0;0.0
NL0000292225_3313;1.0;1.0;0.0;0.0;0.0;0.047619047619047616;1.0;0.25;1.0;0.0;0.0;0.8;0.0;0.0
NL0000293348_2732;1.0;0.6;0.0;0.0;0.0;0.8571428571428571;1.0;0.25;1.0;0.0;0.0;0.8;0.0;0.0
NL0000442101_3230;1.0;1.0;0.0;0.0;0.0;0.047619047619047616;1.0;0.25;1.0;0.0;1.0;0.8;0.0;0.0
NL0001130481_3313;0.0;1.0;0.0;0.0;0.0;0.0;1.0;0.25;1.0;0.0;1.0;0.0;0.0;0.0
NL0001130499_3313;0.0;1.0;0.0;0.0;0.0;0.0;1.0;0.25;1.0;0.0;1.0;0.0;0.0;0.0
NL0006089229_3313;1.0;0.6;0.0;0.0;0.0;0.8571428571428571;1.0;0.75;1.0;0.6666666666666666;0.0;0.8;0.0;0.0
NL0006294092_3313;1.0;0.2;0.0;0.0;0.0;1.0;1.0;0.0;1.0;0.3333333333333333;0.0;0.8;1.0;1.0
NL0006294167_3313;1.0;0.2;0.0;1.0;0.0;1.0;1.0;0.0;1.0;0.5;1.0;1.0;1.0;1.0
NL0006311771_3313;1.0;1.0;0.0;0.0;0.0;0.14285714285714285;1.0;0.5;1.0;0.5;0.0;0.8;0.0;0.0
NL0006311797_3313;0.0;1.0;0.0;0.0;0.0;0.0;1.0;0.25;1.0;0.0;1.0;0.0;0.0;0.0
NL0006311813_3313;1.0;1.0;0.0;0.0;0.0;0.047619047619047616;1.0;0.25;1.0;0.0;0.0;0.8;0.0;0.0
NL0006311839_3230;0.0;1.0;0.0;0.0;0.0;0.0;1.0;0.25;1.0;0.0;1.0;0.0;0.0;0.0
NL0006311847_3230;1.0;1.0;0.0;0.0;0.0;0.047619047619047616;1.0;0.25;1.0;0.0;0.0;0.8;0.0;0.0
NL0009272764_2913;1.0;0.8;0.0;0.0;0.0;0.2857142857142857;1.0;0.25;1.0;0.0;0.0;0.6;1.0;1.0
NL0009272772_2913;1.0;0.8;0.0;0.0;0.0;0.2857142857142857;1.0;0.25;1.0;0.0;0.0;0.6;1.0;1.0
NL0009272780_2913;1.0;0.8;0.0;0.0;0.0;0.2857142857142857;1.0;0.25;1.0;0.0;0.0;0.6;1.0;1.0
NL0009676899_3313;0.0;1.0;0.0;0.0;0.0;0.0;1.0;0.25;1.0;0.0;1.0;0.0;0.0;0.0
NL0009676907_3313;0.0;1.0;0.0;0.0;0.0;0.0;1.0;0.25;1.0;0.0;1.0;0.0;0.0;0.0
NL0009676915_2020;0.0;1.0;0.0;0.0;0.0;0.0;1.0;0.25;1.0;0.0;1.0;0.0;0.0;0.0
NL0009676923_3313;0.0;1.0;0.0;0.0;0.0;0.0;1.0;0.25;1.0;0.0;1.0;0.0;0.0;0.0
NL0009676931_2021;0.0;1.0;0.0;0.0;0.0;0.0;1.0;0.25;1.0;0.0;1.0;0.0;0.0;0.0
NL0009676949_2020;0.0;1.0;0.0;0.0;0.0;0.0;1.0;0.25;1.0;0.0;1.0;0.0;0.0;0.0
NL0009690239_2913;0.0;0.8;0.0;0.0;0.0;0.0;1.0;0.25;1.0;0.0;0.0;0.2;0.0;0.0
NL0009690247_2913;0.0;0.8;0.0;0.0;0.0;0.2857142857142857;1.0;0.25;1.0;0.0;0.0;0.4;1.0;1.0
NL0009864487_3230;0.0;0.6;0.0;0.0;0.0;0.0;0.0;0.0;1.0;0.0;0.0;0.0;0.0;0.0
NL0010066197_2020;0.0;1.0;0.0;0.0;0.0;0.0;0.0;0.5;1.0;0.3333333333333333;0.0;0.0;0.0;0.0
NL0010066205_2020;0.0;1.0;0.0;0.0;0.0;0.0;0.0;0.5;1.0;0.3333333333333333;0.0;0.0;0.0;0.0
NL0010066213_2020;0.0;1.0;0.0;0.0;0.0;0.0;0.0;0.5;1.0;0.3333333333333333;0.0;0.0;0.0;0.0
NL0010066221_2020;0.0;1.0;0.0;0.0;0.0;0.0;0.0;0.5;1.0;0.3333333333333333;0.0;0.0;0.0;0.0
NL0010066239_2020;0.0;1.0;0.0;0.0;0.0;0.0;0.0;0.5;1.0;0.3333333333333333;0.0;0.0;0.0;0.0
NL0010066247_2020;0.0;1.0;0.0;0.0;0.0;0.0;0.0;0.5;1.0;0.3333333333333333;0.0;0.0;0.0;0.0
NL0010066254_3313;0.0;1.0;0.0;0.0;0.0;0.0;0.0;0.5;1.0;0.3333333333333333;0.0;0.0;0.0;0.0
NL0010066262_2020;0.0;1.0;0.0;0.0;0.0;0.0;0.0;0.5;1.0;0.3333333333333333;0.0;0.0;0.0;0.0
NL0010066270_2020;0.0;1.0;0.0;0.0;0.0;0.0;0.0;0.5;1.0;0.3333333333333333;0.0;0.0;0.0;0.0
NL0010290540_3313;0.0;1.0;0.0;0.0;0.0;0.0;1.0;0.25;1.0;0.0;1.0;0.0;0.0;0.0
NL0010290557_3313;0.0;1.0;0.0;0.0;0.0;0.0;1.0;0.25;1.0;0.0;1.0;0.0;0.0;0.0
NL0010290565_3313;0.0;1.0;0.0;0.0;0.0;0.0;1.0;0.25;1.0;0.0;1.0;0.0;0.0;0.0
NL0010408704_2913;1.0;0.8;0.0;0.0;0.0;0.0;1.0;0.25;1.0;0.0;0.0;0.4;1.0;1.0
NL0010489316_3230;0.0;0.6;0.0;0.0;0.0;0.0;0.0;0.0;0.0;0.0;0.0;0.0;0.0;0.0
NL0010489373_3313;0.0;1.0;0.0;0.0;0.0;0.0;1.0;0.25;1.0;0.0;1.0;0.0;0.0;0.0
NL0010583415_3313;1.0;1.0;0.0;0.0;0.0;0.047619047619047616;1.0;0.25;1.0;0.0;1.0;0.8;0.0;0.0
NL0010610309_487;1.0;0.6;0.0;0.0;0.0;0.3333333333333333;1.0;0.25;1.0;0.0;0.5;0.4;0.0;0.0
NL0010621934_3313;1.0;1.0;0.0;0.0;0.0;0.047619047619047616;1.0;0.25;1.0;0.0;0.0;0.8;0.0;0.0
NL0010731816_2913;1.0;0.8;0.0;0.0;0.0;0.0;1.0;0.25;1.0;0.0;0.0;0.4;1.0;1.0
NO0010102866_337;1.0;0.6;0.0;0.0;0.0;0.5714285714285714;1.0;0.25;1.0;0.5;0.0;0.8;0.0;0.0
NO0010827306_337;1.0;0.6;0.0;0.0;0.0;0.5714285714285714;1.0;0.25;1.0;0.5;0.0;0.8;0.0;0.0
NO0010827819_664;0.0;0.2;0.0;0.0;0.0;0.47619047619047616;1.0;0.25;1.0;0.0;1.0;0.8;0.0;0.0
NO0010848997_337;0.0;0.2;0.0;0.0;0.0;0.47619047619047616;1.0;0.25;1.0;0.0;1.0;0.8;0.0;0.0
NO0010875438_664;1.0;0.6;0.0;0.0;0.0;0.5714285714285714;1.0;0.25;1.0;0.5;0.0;0.8;0.0;0.0
NO0012525585_337;0.0;0.2;0.0;0.0;0.0;0.47619047619047616;1.0;0.25;1.0;0.0;1.0;0.8;0.0;0.0
NO0012525593_2021;0.0;0.2;0.0;0.0;0.0;0.47619047619047616;1.0;0.25;1.0;0.0;1.0;0.8;0.0;0.0
NO0012525601_337;0.0;0.2;0.0;0.0;0.0;0.47619047619047616;1.0;0.25;1.0;0.0;1.0;0.8;0.0;0.0
NO0012727223_664;0.0;0.2;0.0;0.0;0.0;0.47619047619047616;1.0;0.25;1.0;0.0;1.0;0.8;0.0;0.0
NO0012765991_2021;0.0;0.2;0.0;0.0;0.0;0.47619047619047616;1.0;0.25;1.0;0.0;1.0;0.8;0.0;0.0
NO0012766007_2021;0.0;0.2;0.0;0.0;0.0;0.47619047619047616;1.0;0.25;1.0;0.0;1.0;0.8;0.0;0.0
NO0012766015_2021;0.0;0.2;0.0;0.0;0.0;0.47619047619047616;1.0;0.25;1.0;0.0;1.0;0.8;0.0;0.0
NO0012766023_2021;0.0;0.2;0.0;0.0;0.0;0.47619047619047616;1.0;0.25;1.0;0.0;1.0;0.8;0.0;0.0
NO0012766031_2021;0.0;0.2;0.0;0.0;0.0;0.47619047619047616;1.0;0.25;1.0;0.0;1.0;0.8;0.0;0.0
NO0012766080_2021;0.0;0.2;0.0;0.0;0.0;0.47619047619047616;1.0;0.25;1.0;0.0;1.0;0.8;0.0;0.0
NO0012766130_337;0.0;0.2;0.0;0.0;0.0;0.47619047619047616;1.0;0.25;1.0;0.0;1.0;0.8;0.0;0.0
NO0012766148_2020;0.0;0.2;0.0;0.0;0.0;0.47619047619047616;1.0;0.25;1.0;0.0;1.0;0.8;0.0;0.0
NO0012766213_337;0.0;0.2;0.0;0.0;0.0;0.47619047619047616;1.0;0.25;1.0;0.0;1.0;0.8;0.0;0.0
NO0012766221_337;1.0;0.6;0.0;0.0;0.0;0.5714285714285714;1.0;0.25;1.0;0.5;0.0;0.8;0.0;0.0
NO0012766254_2020;0.0;0.2;0.0;0.0;0.0;0.47619047619047616;1.0;0.25;1.0;0.0;1.0;0.8;0.0;0.0
NO0012766338_337;0.0;0.2;0.0;0.0;0.0;0.47619047619047616;1.0;0.25;1.0;0.0;1.0;0.8;0.0;0.0
NO0012766346_2021;0.0;0.2;0.0;0.0;0.0;0.47619047619047616;1.0;0.25;1.0;0.0;1.0;0.8;0.0;0.0
NO0012766353_2021;0.0;0.2;0.0;0.0;0.0;0.47619047619047616;1.0;0.25;1.0;0.0;1.0;0.8;0.0;0.0
NO0012766361_2021;0.0;0.2;0.0;0.0;0.0;0.47619047619047616;1.0;0.25;1.0;0.0;1.0;0.8;0.0;0.0
NO0012766379_2020;0.0;0.2;0.0;0.0;0.0;0.47619047619047616;1.0;0.25;1.0;0.0;1.0;0.8;0.0;0.0
NO0012766387_337;0.0;0.2;0.0;0.0;0.0;0.47619047619047616;1.0;0.25;1.0;0.0;1.0;0.8;0.0;0.0
NO0012771163_337;0.0;0.2;0.0;0.0;0.0;0.47619047619047616;1.0;0.25;1.0;0.0;1.0;0.8;0.0;0.0
NO0012771403_337;0.0;0.2;0.0;0.0;0.0;0.47619047619047616;1.0;0.25;1.0;0.0;1.0;0.8;0.0;0.0
NO0012771411_2021;0.0;0.2;0.0;0.0;0.0;0.47619047619047616;1.0;0.25;1.0;0.0;1.0;0.8;0.0;0.0
NO0012771429_2021;0.0;0.2;0.0;0.0;0.0;0.47619047619047616;1.0;0.25;1.0;0.0;1.0;0.8;0.0;0.0
NO0012771437_2021;0.0;0.2;0.0;0.0;0.0;0.47619047619047616;1.0;0.25;1.0;0.0;1.0;0.8;0.0;0.0
NO0012771445_2021;0.0;0.2;0.0;0.0;0.0;0.47619047619047616;1.0;0.25;1.0;0.0;1.0;0.8;0.0;0.0
NO0012771452_2021;0.0;0.2;0.0;0.0;0.0;0.47619047619047616;1.0;0.25;1.0;0.0;1.0;0.8;0.0;0.0
NO0012778408_2020;0.0;0.2;0.0;0.0;0.0;0.47619047619047616;1.0;0.25;1.0;0.0;1.0;0.8;0.0;0.0
NO0012778424_2021;1.0;0.6;0.0;0.0;0.0;0.5714285714285714;1.0;0.25;1.0;0.5;0.0;0.8;0.0;0.0
NO0012778523_337;0.0;0.2;0.0;0.0;0.0;0.47619047619047616;1.0;0.25;1.0;0.0;1.0;0.8;0.0;0.0
NO0012778531_337;0.0;0.2;0.0;0.0;0.0;0.47619047619047616;1.0;0.25;1.0;0.0;1.0;0.8;0.0;0.0
NO0012778564_2021;0.0;0.2;0.0;0.0;0.0;0.47619047619047616;1.0;0.25;1.0;0.0;1.0;0.8;0.0;0.0
NO0012778648_2021;0.0;0.2;0.0;0.0;0.0;0.47619047619047616;1.0;0.25;1.0;0.0;1.0;0.8;0.0;0.0
NO0012778655_2020;0.0;0.2;0.0;0.0;0.0;0.47619047619047616;1.0;0.25;1.0;0.0;1.0;0.8;0.0;0.0
SE0000912057_648;0.0;1.0;0.0;1.0;0.0;0.14285714285714285;1.0;0.25;1.0;0.0;0.0;0.4;0.0;0.0
SE0000987307_3313;0.0;1.0;0.0;1.0;0.0;0.14285714285714285;1.0;0.25;1.0;0.0;0.0;0.4;0.0;0.0
SE0002584235_3313;0.0;1.0;0.0;1.0;0.0;0.14285714285714285;1.0;0.25;1.0;0.0;0.0;0.4;0.0;0.0
SE0005099983_648;0.0;1.0;0.0;1.0;0.0;0.14285714285714285;1.0;0.25;1.0;0.0;0.0;0.4;0.0;0.0
SE0006594388_3313;0.0;1.0;0.0;1.0;0.0;0.14285714285714285;1.0;0.25;1.0;0.0;0.0;0.4;0.0;0.0
SE0008092381_3313;1.0;0.4;0.0;0.0;0.0;0.14285714285714285;1.0;0.0;0.0;0.0;0.0;0.4;0.0;0.0
SE0013749397_3313;0.0;0.6;0.0;0.0;0.0;0.09523809523809523;1.0;0.0;0.0;0.3333333333333333;0.0;0.4;0.0;0.0
SE0013749405_664;0.0;0.6;0.0;0.0;0.0;0.09523809523809523;1.0;0.0;0.0;0.3333333333333333;0.0;0.4;0.0;0.0
SE0017767692_3313;1.0;0.4;0.0;0.0;0.0;0.14285714285714285;1.0;0.0;0.0;0.0;0.0;0.4;0.0;0.0
SE0017767700_3313;1.0;0.4;0.0;0.0;0.0;0.14285714285714285;1.0;0.0;0.0;0.0;0.0;0.4;0.0;0.0
US9219361006_1630;1.0;0.0;0.0;1.0;0.0;0.6190476190476191;1.0;0.0;1.0;0.5;1.0;0.6;0.0;0.0